no,stn_Code,stn_Name,date,temp,max_Temp,min_Temp,hum,widdir,wind,max_Wind,rain,sun_Time,sun_Qy,condens_Time,gr_Temp,soil_Temp,soil_Wt
177,031028F034,,2021-06-26,,,17.9,86,155.8,0.3,3.8,6.5,,17.6,749,,,
178,031028F034,,2021-06-27,,,16.9,79.6,4.2,0.1,3.8,0,,19.4,446,,,
179,031028F034,,2021-06-28,21.1,30.1,18.8,79.7,130.8,0.3,5,0,,18.6,0,,,
180,031028F034,,2021-06-29,24,29.3,17.6,81.6,344.5,0.3,4.8,0,,16.6,60,,,
181,031028F034,,2021-06-30,24.3,30.8,18.4,79.5,246.3,0,3.7,0,,18.3,0,,,
182,031028F034,,2021-07-01,25.2,32.2,18.2,77.6,21,0,3.9,0,,19.9,6,,,
183,031028F034,,2021-07-02,24.8,31.9,19.4,77.9,168.3,0.1,4.2,0,,16.7,0,,,
184,031028F034,,2021-07-03,22.6,26.2,19.7,86.3,185,0.6,5.6,44.5,,6.7,261,,,
185,031028F034,,2021-07-04,22.8,26.5,20.9,90,270.5,0.7,6,4,,6.3,431,,,
186,031028F034,,2021-07-05,23.4,27.6,19,84.4,261.3,0,2.6,0.5,,12.5,0,,,
187,031028F034,,2021-07-06,24.4,29.8,19.6,86.7,254.7,0.1,3.6,2.5,,13,342,,,
188,031028F034,,2021-07-07,25.4,29.7,22.6,91.1,248.8,0.1,3.5,29.5,,11.8,602,,,
189,031028F034,,2021-07-08,25.9,32.1,21.7,84.4,331.7,0.2,4.1,1,,17.5,467,,,
190,031028F034,,2021-07-09,24.9,29.8,20.3,84.3,16.6,0.2,3.7,0,,15.4,0,,,
191,031028F034,,2021-07-10,25.8,31.2,20.6,84.6,296.2,0.4,5,0,,16.9,0,,,
192,031028F034,,2021-07-11,26.1,31.1,22.5,87.3,278.2,0.4,4.7,0.5,,13.3,163,,,
193,031028F034,,2021-07-12,26.8,33.8,21.1,86.1,138.6,0.2,2.6,0,,15.3,452,,,
194,031028F034,,2021-07-13,27.8,33.1,22.5,83.7,251.5,0.3,4.2,0,,18.2,724,,,
195,031028F034,,2021-07-14,28.1,33.7,23.4,80.9,251.4,0.3,4.4,0,,18.2,543,,,
196,031028F034,,2021-07-15,28.1,35.4,22.6,80.2,36.4,0.2,4,0,,18.2,549,,,
197,031028F034,,2021-07-16,27.1,35.2,21.4,80.6,36.1,0.2,4.2,14.5,,22.1,689,,,
198,031028F034,,2021-07-17,26.2,32.1,20.7,82.2,172.4,0.2,3.8,0,,18.7,481,,,
199,031028F034,,2021-07-18,26.8,33.5,21.1,79.3,209.2,0.2,3.5,1,,19.3,234,,,
200,031028F034,,2021-07-19,26.2,32.3,21.9,84.2,99,0.1,3.3,0,,13.6,542,,,
201,031028F034,,2021-07-20,27.1,32.4,22.5,84.7,163.6,0.1,2.4,0,,15.3,334,,,
202,031028F034,,2021-07-21,28.3,36.1,21.9,75,160.5,0.2,3.3,0,,24.8,460,,,
203,031028F034,,2021-07-22,27.6,35.8,20.4,76.5,192.9,0.3,3.6,0,,24,350,,,
204,031028F034,,2021-07-23,28.1,35.5,21.5,74.3,164.4,0.1,4.1,0,,24.1,199,,,
205,031028F034,,2021-07-24,28.5,36.3,22.2,74.6,220.9,0.1,3.2,0,,23.2,36,,,
206,031028F034,,2021-07-25,27.9,35.5,21.5,76.4,195.5,0.2,4.6,0,,21.3,0,,,
207,031028F034,,2021-07-26,28.2,36,21.2,72.6,197,0.4,4.6,0,,24.4,301,,,
208,031028F034,,2021-07-27,28.3,36.2,21.4,73.7,74.2,0.2,4.3,0,,23,536,,,
209,031028F034,,2021-07-28,28.8,36.3,23.1,74.1,27.1,0.2,3.6,0,,22,69,,,
210,031028F034,,2021-07-29,27.9,34.8,22.7,79,19.3,0.2,4.5,0,,18.6,0,,,
211,031028F034,,2021-07-30,29.1,36.5,23,73.8,254.7,0.2,5.1,0,,20.3,100,,,
212,031028F034,,2021-07-31,28.9,35,23.9,77.9,9.6,0.4,4.2,0.5,,21.6,379,,,
213,031028F034,,2021-08-01,26.1,31.1,22.8,89.9,300.8,0.1,2.8,7,,8.2,626,,,
214,031028F034,,2021-08-02,25.5,28.4,23.2,91.7,342.2,0.1,2.5,9.5,,8,679,,,
215,031028F034,,2021-08-03,26.8,33.3,23.2,89.9,256.2,0.3,4.5,8,,14.1,566,,,
216,031028F034,,2021-08-04,28,34,23.4,80.2,308.6,0.4,4.3,0,,21.1,629,,,
217,031028F034,,2021-08-05,28.3,34.6,22.9,78.7,12.2,0.3,3.9,0,,18.5,614,,,
218,031028F034,,2021-08-06,27.6,34.7,23.3,79.1,22.3,0.5,6.5,0,,18.2,414,,,
219,031028F034,,2021-08-07,26.1,32.4,21.4,80.1,6.3,0.4,3.7,0,,18.3,549,,,
220,031028F034,,2021-08-08,25.5,31.4,21.5,88.4,138.2,0.2,5.5,1.5,,10.9,892,,,
221,031028F034,,2021-08-09,26.3,33.8,20.3,78.9,106.3,0.3,4.2,0,,19.9,504,,,
222,031028F034,,2021-08-10,26,32.2,20.3,80.4,28.5,0.3,7,11.5,,18.6,31,,,
223,031028F034,,2021-08-11,26.5,33.3,21,79.6,114.4,0.2,3.6,0,,19.5,0,,,
224,031028F034,,2021-08-12,26.2,32.1,21.6,82.1,218.8,0.1,3.2,0,,13.4,234,,,
225,031028F034,,2021-08-13,25.1,30.3,21,85.7,144.4,0.2,3.2,0,,10.3,103,,,
226,031028F034,,2021-08-14,24.8,30.7,20.5,80.9,130.9,0.3,4,0,,12.9,0,,,
227,031028F034,,2021-08-15,25.8,32.8,19.2,71.2,148.5,0.4,3.3,0,,21.3,263,,,
228,031028F034,,2021-08-16,25.1,31.2,19.3,75.1,183.2,0.3,4,0,,17.1,465,,,
229,031028F034,,2021-08-17,24.3,30.8,18.4,74.6,149.3,0.5,5.2,0,,18.9,421,,,
230,031028F034,,2021-08-18,23,31.1,19.3,83.8,129.2,0.5,6,13.5,,16.7,822,,,
231,031028F034,,2021-08-19,23.5,29.8,18.3,80.4,159.5,0.1,3,0,,14,489,,,
232,031028F034,,2021-08-20,24.6,31.1,18.8,82.5,224.5,0.2,5.9,12.5,,16.1,178,,,
233,031028F034,,2021-08-21,23.8,29.6,21.2,89.7,267.7,0.8,6.6,19.5,,9.8,542,,,
234,031028F034,,2021-08-22,24.3,28.3,20.9,85.2,312.2,0.3,4.6,0,,9.9,0,,,
235,031028F034,,2021-08-23,21.7,23.9,20.1,97.9,222.1,0.3,5.2,44,,2.7,307,,,
236,031028F034,,2021-08-24,24.3,28.3,21.2,91.5,269.4,0.8,6.2,3.5,,8.7,1078,,,
237,031028F034,,2021-08-25,23.4,26,21.4,95.8,262.5,0.1,4,14.5,,5.4,670,,,
238,031028F034,,2021-08-26,24.6,28.7,20.7,90.7,249.9,0.1,3.4,0,,8.5,0,,,
239,031028F034,,2021-08-27,21.5,24,17.9,95.9,12,0.2,5.1,14,,3,534,,,
240,031028F034,,2021-08-28,22.3,27,18.1,89.2,25.8,0,2.4,0,,11.3,799,,,
241,031028F034,,2021-08-29,21.8,27.3,18,89.2,67.6,0.2,4.9,23.5,,12.4,404,,,
242,031028F034,,2021-08-30,22.5,26.3,19.2,91.1,111.1,0,2.3,0,,7.3,328,,,
243,031028F034,,2021-08-31,21.8,25,19.5,93.7,175,0.4,5.8,18.5,,4.6,869,,,
244,031028F034,,2021-09-01,21.6,22.9,20.3,95.9,115.1,0.4,4,99,,4.1,227,,,
245,031028F034,,2021-09-02,22.8,27.1,20,84.1,188.4,0.4,3.4,0,,12.5,0,,,
246,031028F034,,2021-09-03,23.2,29.2,18.4,81.1,157.8,0.2,4.3,0,,19.5,259,,,
247,031028F034,,2021-09-04,21.2,28.2,15.9,83.3,137.4,0.3,3.9,0,,16.7,1008,,,
248,031028F034,,2021-09-05,20.2,25.8,15,87.5,171.5,0.2,4,1.5,,9.3,968,,,
249,031028F034,,2021-09-06,19.9,24.8,16.8,90.2,184.7,0.6,5.1,30.5,,7.9,812,,,
250,031028F034,,2021-09-07,21.4,24.6,18.4,94.5,250.7,0.9,5,3.5,,5.5,919,,,
251,031028F034,,2021-09-08,21.4,27.2,15.9,85.4,18.6,0.5,4.1,1.5,,12.9,344,,,
252,031028F034,,2021-09-09,21.6,29.5,14.9,86,225.2,0.1,2.6,0,,16,379,,,
253,031028F034,,2021-09-10,22.5,28.9,18.4,87.1,345,0.1,3.3,0,,12.6,990,,,
254,031028F034,,2021-09-11,23,30,16.7,83.9,0.9,0.1,3.2,0,,17.5,855,,,
255,031028F034,,2021-09-12,22.4,29.9,17,84.9,91.6,0.1,3.1,0,,15.9,875,,,
256,031028F034,,2021-09-13,22.2,29.4,17.2,84.3,196.2,0.3,4.3,0,,16.1,862,,,
257,031028F034,,2021-09-14,20.1,26,15,83.6,161.6,0.4,5.1,0,,11.7,842,,,
258,031028F034,,2021-09-15,20.4,28.5,13.5,78.1,167.2,0.7,5.1,0,,17.3,738,,,
259,031028F034,,2021-09-16,19.8,27.5,12.3,82.5,177,0.4,4,0,,14.9,842,,,
260,031028F034,,2021-09-17,19.7,24.3,15,90.9,159.4,0.4,4,2,,7.3,733,,,
261,031028F034,,2021-09-18,19.9,28.4,12.9,84.4,152.2,0.2,3.2,0,,16.7,98,,,
262,031028F034,,2021-09-19,21.3,29.4,15.8,83.8,188.6,0.1,3.7,0,,14.9,10,,,
263,031028F034,,2021-09-20,21.3,28.2,14.4,78.9,210,0.6,5,0,,16.4,8,,,
264,031028F034,,2021-09-21,21.9,26.6,17.7,88,271.7,0.6,5.6,40,,9.8,279,,,
265,031028F034,,2021-09-22,20.8,26.7,16.2,84.3,332.5,0.7,6.2,10,,13.8,468,,,
266,031028F034,,2021-09-23,18.7,25,13.3,82,24.5,0.5,5.4,0,,15.1,0,,,
267,031028F034,,2021-09-24,18.6,27.5,12.3,84.5,147.5,0.1,3.7,0,,14.8,0,,,
268,031028F034,,2021-09-25,18.8,23.4,13.9,89,120.5,0.1,3.2,0,,6.6,0,,,
269,031028F034,,2021-09-26,20.3,27.2,15.2,84,202,0.1,3,0,,12.7,0,,,
270,031028F034,,2021-09-27,20.3,26.8,15.8,85.8,216.9,0.1,4.3,0.5,,11.8,421,,,
271,031028F034,,2021-09-28,20.6,25.2,18.2,88.6,205.5,0.2,4.2,2.5,,7.7,958,,,
272,031028F034,,2021-09-29,20.8,22.9,19,95,267.1,0.4,4,16,,3.3,1135,,,
273,031028F034,,2021-09-30,20,26.6,15.6,88.7,61.3,0,3.4,0,,14.2,628,,,
274,031028F034,,2021-10-01,20.5,28.1,14.7,86.8,53.1,0.2,10.9,3.5,,13.5,376,,,
275,031028F034,,2021-10-02,19.4,26.6,15.2,86.3,252.1,0.2,5,2.5,,14.2,539,,,
276,031028F034,,2021-10-03,20.5,29.8,14.8,85.6,220,0,2.8,0,,14.1,0,,,
277,031028F034,,2021-10-04,21.1,27.3,14.5,86.6,266.9,0.5,7.4,0,,7.5,0,,,
278,031028F034,,2021-10-05,22.9,28.9,18.6,82.9,292.3,0.4,5.5,0,,14.7,0,,,
279,031028F034,,2021-10-06,20.7,24.4,16.8,93.6,141.9,0.2,3,0,,5.4,442,,,
280,031028F034,,2021-10-07,20.4,23,18,90.8,271.9,0.3,3.9,1,,4.9,380,,,
281,031028F034,,2021-10-08,19.5,21.5,17.9,96.1,103.8,0,1.9,3,,3.6,807,,,
282,031028F034,,2021-10-09,21.2,28,18,90.5,165.7,0.1,3,0,,10.8,620,,,
283,031028F034,,2021-10-10,21.4,28,15.5,89.2,343.1,0.7,5.1,13.5,,7.6,283,,,
284,031028F034,,2021-10-11,16.4,19.9,13.5,81.9,70.4,0.3,3.8,1,,9.7,140,,,
285,031028F034,,2021-10-12,16.5,17.6,15.5,86.1,175,0.6,4.6,0,,3,0,,,
286,031028F034,,2021-10-13,18.3,25.4,12.3,82.7,202.3,0.3,4.3,0,,13.9,0,,,
287,031028F034,,2021-10-14,17.7,24.2,12.3,86.4,17,0.3,4,0,,12.7,0,,,
288,031028F034,,2021-10-15,18,21.9,15.3,92.1,77.7,0.1,2.7,1.5,,6.1,827,,,
289,031028F034,,2021-10-16,11.6,17.5,3.4,65.2,33.8,1.1,6.9,2.5,,5.7,355,,,
290,031028F034,,2021-10-17,4.3,10.7,-1,62.5,27.7,0.7,4.5,0,,14.8,0,,,
291,031028F034,,2021-10-18,7.5,17.1,-1.2,79.1,31.1,0,2.9,0,,13,16,,,
292,031028F034,,2021-10-19,10.2,16.2,3.7,83.8,21.6,0.5,6.9,9.5,,10.1,446,,,
293,031028F034,,2021-10-20,6.4,15.4,-0.1,82.9,40.7,0.1,3.7,0,,13.4,0,,,
294,031028F034,,2021-10-21,6.5,15.5,0,85.2,17.9,0.1,3.1,0,,11.3,0,,,
295,031028F034,,2021-10-22,6.9,16.9,-0.2,81.3,54.4,0.4,5.3,0,,11.9,0,,,
296,031028F034,,2021-10-23,7.3,18.4,-0.3,80.2,35.2,0.1,3.8,0,,12.1,0,,,
297,031028F034,,2021-10-24,7.7,17.8,0.2,83.1,89.8,0.1,4.4,0,,12.4,0,,,
298,031028F034,,2021-10-25,7.6,17.5,1,84.9,35.9,0.2,4.2,0,,12.2,439,,,
299,031028F034,,2021-10-26,9.1,18.9,1.5,85.4,43.6,0.1,3.2,0,,10.8,1121,,,
300,031028F034,,2021-10-27,10.4,18.3,3.6,84,5.4,0.4,5.7,0,,11.8,1008,,,
301,031028F034,,2021-10-28,7.8,18.9,0.1,80.5,106,0.1,3.2,0,,12.4,1068,,,
302,031028F034,,2021-10-29,9.7,20.5,2.2,82.3,220.9,0.2,4.4,0,,11,991,,,
303,031028F034,,2021-10-30,10.6,18.4,5.1,83.6,230.7,0.1,2.9,0,,7,991,,,
304,031028F034,,2021-10-31,10.5,20.4,3.8,88,270.2,0.1,3.1,0,,9.3,1137,,,
305,031028F034,,2021-11-01,10.2,17.8,5.2,88.3,35.7,0.3,5.5,0,,8,1033,,,
306,031028F034,,2021-11-02,9.7,16.7,3.5,84.6,20.7,0.3,4.1,0,,9.6,981,,,
307,031028F034,,2021-11-03,8.8,17,1.3,86.1,19.4,0.2,4.3,1.5,,10.1,1050,,,
308,031028F034,,2021-11-04,10.4,18.2,3.7,88,231.6,0.1,2.7,5.5,,8.1,601,,,
309,031028F034,,2021-11-05,9.2,20.1,3.4,86.7,99.6,0,2.7,0,,9.1,33,,,
310,031028F034,,2021-11-06,9.7,21.6,2.3,81.6,130.2,0.1,4.1,0,,10.1,0,,,
311,031028F034,,2021-11-07,12.6,22,2.6,71.4,201.3,0.7,6.2,0,,9.6,0,,,
312,031028F034,,2021-11-08,10.4,16.1,5.5,79.9,292.7,1.4,7.6,26.5,,3.4,461,,,
313,031028F034,,2021-11-09,6.3,10.5,4.3,88.9,312,0.9,7.1,15.5,,4.7,773,,,
314,031028F034,,2021-11-10,4.1,6.1,-0.5,94.6,50.2,0.1,4.3,10,,2.9,549,,,
315,031028F034,,2021-11-11,5.3,11.5,-0.6,80.4,32.3,0.6,8.5,3.5,,7.2,609,,,
316,031028F034,,2021-11-12,4,9.5,-1.2,78.4,30,0.3,6.5,0,,7.8,118,,,
317,031028F034,,2021-11-13,5.3,15.1,-2.5,81.5,294.8,0.2,4.9,0,,8.6,0,,,
318,031028F034,,2021-11-14,10.9,17.5,3.7,69.2,266.3,0.9,5.4,0,,7,0,,,
319,031028F034,,2021-11-15,6.7,16,0.1,81.5,15.7,0.2,3.9,0,,9.2,0,,,
320,031028F034,,2021-11-16,5.4,14.4,-0.3,79.1,349,0.3,4.9,0,,9.9,0,,,
321,031028F034,,2021-11-17,4.9,13.4,-1.6,78,18.7,0.5,5,0,,10.4,97,,,
322,031028F034,,2021-11-18,9.9,17.6,1,76.8,272.3,1,7.1,0,,7.9,0,,,
323,031028F034,,2021-11-19,11,19.1,4,89.1,266.3,0.4,4.4,0,,5.8,0,,,
324,031028F034,,2021-11-20,8.3,14.7,2.7,94.6,0.2,0.1,2.4,0,,5.5,197,,,
325,031028F034,,2021-11-21,8.3,14.7,2.8,89.1,354,0.2,7.2,4,,3.4,94,,,
326,031028F034,,2021-11-22,4.1,9.2,0.2,79.8,35.8,1.4,9.1,7,,4.3,685,,,
327,031028F034,,2021-11-23,-0.1,2.4,-4.7,85,10.1,0.3,3.7,1,,5.7,841,,,
328,031028F034,,2021-11-24,3.4,10.1,-1.5,78.7,340.1,0.2,4.4,3.5,,4.9,312,,,
329,031028F034,,2021-11-25,5.8,12,-1.9,77.2,15.2,0.5,5.1,0.5,,8.9,545,,,
330,031028F034,,2021-11-26,2,9.5,-5,73.2,23.2,0.3,4.9,0,,9.7,52,,,
331,031028F034,,2021-11-27,0.3,8.8,-5.7,75.7,58.2,0.1,3.4,0,,10.2,64,,,
332,031028F034,,2021-11-28,1.2,13,-6.7,75.4,83,0.2,3,0,,9.5,60,,,
333,031028F034,,2021-11-29,3.6,13.9,-3.8,83,230.9,0.2,5.3,0,,7.7,72,,,
334,031028F034,,2021-11-30,6.4,10.8,1.7,83.1,352.4,1.9,12.6,37.5,,1,338,,,
335,031028F034,,2021-12-01,0.1,2.9,-6.2,54.8,41.7,2.5,10,0,,9.5,0,,,
336,031028F034,,2021-12-02,0.2,7.3,-8.3,73.4,260.4,0.9,6.1,0,,9.2,162,,,
337,031028F034,,2021-12-03,2.6,6.2,-4,66.8,24.6,1.1,8,1,,8.2,290,,,
338,031028F034,,2021-12-04,-1.3,6.7,-7.3,76.5,263.4,0.1,4.2,0,,5.2,0,,,
339,031028F034,,2021-12-05,-0.9,9,-7.4,77.5,,0,3.2,0,,9.2,0,,,
340,031028F034,,2021-12-06,1.4,11.8,-5.8,78.7,85,0,2.4,0,,8.6,69,,,
341,031028F034,,2021-12-07,2.5,11.5,-3.6,84.8,52.8,0.1,4.1,0,,7.5,59,,,
342,031028F034,,2021-12-08,2.8,12.8,-3.8,84.4,58.1,0,2.7,0,,8.6,117,,,
343,031028F034,,2021-12-09,3.4,11.7,-3.6,84.4,240.1,0.1,3.4,0,,4.8,133,,,
344,031028F034,,2021-12-10,6.3,12.4,0,92.4,284.4,0.4,5.7,0.5,,3.4,247,,,
345,031028F034,,2021-12-11,5.3,10.9,1.4,91.7,28.8,0.1,4.1,0,,4.1,0,,,
346,031028F034,,2021-12-12,2.2,6.7,-4.4,68.8,32.4,1.3,9.2,0,,7.2,409,,,
347,031028F034,,2021-12-13,-3.9,1.9,-10.4,62.3,23.5,0.4,5.2,0,,9.2,0,,,
348,031028F034,,2021-12-14,3.3,9.6,-4.1,69.8,273.5,0.2,5.1,0,,5.1,261,,,
349,031028F034,,2021-12-15,5.5,10.7,-0.7,90.8,247.8,0.5,5.1,3,,2.9,670,,,
350,031028F034,,2021-12-16,4.3,10.3,-0.5,88,35.8,0.2,6.4,0,,5.8,0,,,
351,031028F034,,2021-12-17,-3.1,4.2,-9.2,56.5,40.3,2.7,13.3,0,,6.6,0,,,
352,031028F034,,2021-12-18,-5.5,1.4,-14,66.5,252.5,1.1,6.4,0,,7.8,0,,,
353,031028F034,,2021-12-19,-0.4,5.1,-10.2,72.4,272.2,0.5,6.6,2,,9.9,188,,,
354,031028F034,,2021-12-20,6,12.2,0.7,70.6,260.5,1.7,8.3,0,,6.2,0,,,
355,031028F034,,2021-12-21,3.7,11.4,-2.7,85.8,15.4,0.3,5.3,0,,5.8,2,,,
356,031028F034,,2021-12-22,-0.7,8,-7.6,67.5,,0,2.6,0,,8.6,0,,,
357,031028F034,,2021-12-23,-0.8,8.6,-7.4,76.9,86,0,2.2,0,,7.7,38,,,
358,031028F034,,2021-12-24,-0.7,4.2,-5.5,81.2,30.3,1,6.5,0,,2.2,0,,,
359,031028F034,,2021-12-25,-9,-5.5,-13.1,52.5,34.2,2.2,7.5,0,,9.3,0,,,
360,031028F034,,2021-12-26,-11.4,-5.5,-17.1,57,38.5,0.7,7.2,0,,9.5,0,,,
361,031028F034,,2021-12-27,-8.2,-1.2,-16.2,72.8,238.2,0.1,3.8,0,,6.1,0,,,
362,031028F034,,2021-12-28,-4.8,1.5,-11,86.3,,0,2.6,0,,3.3,465,,,
363,031028F034,,2021-12-29,2,7.7,-5.4,73.9,327,1.2,6.2,0,,4.6,351,,,
364,031028F034,,2021-12-30,-3.1,1,-9.5,65.9,32.6,0.7,7.3,0,,6.8,266,,,
365,031028F034,,2021-12-31,-6.1,-2.5,-12,48.3,35.1,1.2,7,0,,9.3,0,,,
1,031028F034,,2022-01-01,-7.4,1.2,-14.9,63.9,134,0,3.1,0,,8.6,0,,,
2,031028F034,,2022-01-02,-2.1,4.6,-10.1,71.1,336.5,0.7,6.8,0,,7,0,,,
3,031028F034,,2022-01-03,-5.1,3.2,-13.8,73,50.5,0,3.7,0,,7.8,26,,,
4,031028F034,,2022-01-04,-3.4,1.7,-10.6,66.1,353.7,0.4,5.5,0,,9.2,70,,,
5,031028F034,,2022-01-05,-5.3,2.1,-12.7,68,,0,0.7,0,,4.9,0,,,
6,031028F034,,2022-01-06,-4.3,4.1,-11,67.9,353.1,0.4,4.9,0,,9.2,0,,,
7,031028F034,,2022-01-07,-5.7,4.2,-12.7,68.2,10.5,0,3.4,0,,9.5,16,,,
8,031028F034,,2022-01-08,-1.7,6.4,-12,72.9,302.8,0.2,5.8,0,,6.7,17,,,
9,031028F034,,2022-01-09,0.5,5,-7,75.6,339.4,0.1,3.5,0,,7.2,49,,,
10,031028F034,,2022-01-10,-2.1,4.7,-9.4,75.5,30.3,0,3.9,0,,4.8,83,,,
11,031028F034,,2022-01-11,-5.3,0.1,-9.6,63.2,29.8,2,8.2,0,,9.2,106,,,
12,031028F034,,2022-01-12,-8.9,-1.8,-15.8,69.7,12.4,0.4,6.4,0,,9.7,0,,,
13,031028F034,,2022-01-13,-5.4,-1.4,-10.4,59.6,32.8,1.6,8.8,0,,9.3,0,,,
14,031028F034,,2022-01-14,-7.1,1,-15.1,58.5,346,0,3.9,0,,10.5,0,,,
15,031028F034,,2022-01-15,-1.9,4.6,-10.5,58.5,230.2,0.2,3.9,0,,5.7,0,,,
16,031028F034,,2022-01-16,-1.4,3.7,-9,64.3,18.9,1.3,7.5,0,,10.6,278,,,
17,031028F034,,2022-01-17,-5.8,2,-13.5,68.6,31.1,0.4,5.8,0,,7.5,263,,,
18,031028F034,,2022-01-18,-7.8,-0.4,-16.1,61.4,352.3,0,3.8,1,,9.3,78,,,
19,031028F034,,2022-01-19,-5.9,1.1,-13.4,76,327.5,0.8,6.3,0,,3.7,0,,,
20,031028F034,,2022-01-20,-6.9,1.9,-14.7,71.4,88,0,3.9,0,,11,0,,,
21,031028F034,,2022-01-21,-6,5,-14.7,67.8,,0,2.4,0,,11,16,,,
22,031028F034,,2022-01-22,-0.7,7.9,-9.2,63.8,319.5,0,2.7,0,,6.5,0,,,
23,031028F034,,2022-01-23,0.6,8.1,-6.2,67,3.6,0.1,4,0,,8,0,,,
24,031028F034,,2022-01-24,1.8,10.1,-7.6,64.8,188.8,0.4,5.7,0,,9.3,104,,,
25,031028F034,,2022-01-25,2.2,5.2,-2.4,86.8,235.1,0.3,4.9,1,,1.4,1047,,,
26,031028F034,,2022-01-26,0.1,6.1,-5.2,77.6,15,0.4,4.9,0,,8.6,293,,,
27,031028F034,,2022-01-27,-2.2,4.4,-8.4,66.1,339.5,0.3,5.8,0,,10.7,0,,,
28,031028F034,,2022-01-28,-3.7,2,-9.4,65.5,13.8,0.6,5.8,0,,11.9,0,,,
29,031028F034,,2022-01-29,-5.1,0.9,-12,64.8,0.8,0.7,5.8,0,,12,0,,,
30,031028F034,,2022-01-30,-5.4,1.9,-12.7,65.5,342.9,0.3,5,0,,12.1,0,,,
31,031028F034,,2022-01-31,-2.5,5.9,-13,66,295.7,0.1,4.7,0,,11,2,,,
32,031028F034,,2022-02-01,-0.7,1.3,-2.5,82,358.5,0.7,7.6,4,,5.6,241,,,
33,031028F034,,2022-02-02,-3.2,-0.2,-8.4,71.6,15.6,0.6,6.5,0.5,,11.9,0,,,
34,031028F034,,2022-02-03,-4.5,1.5,-11,67.3,12.4,0.5,5.8,0.5,,12.8,0,,,
35,031028F034,,2022-02-04,-3.9,0.4,-8.8,66.3,29.7,1.4,8.1,0,,11.8,0,,,
36,031028F034,,2022-02-05,-5.7,-1,-11.1,60.5,28.8,1.3,7.3,0,,11,0,,,
37,031028F034,,2022-02-06,-5.2,2.9,-12.9,68,23.9,0.9,8.6,0,,12.9,0,,,
38,031028F034,,2022-02-07,-4.2,1.9,-12.4,61.9,25.6,0.3,10.2,0,,8,0,,,
39,031028F034,,2022-02-08,-2.9,5.7,-9.7,69.2,15.1,0.5,6.6,0,,11.8,0,,,
40,031028F034,,2022-02-09,-1.6,7.5,-10.8,63.5,17.6,0.1,3.5,0,,12.2,34,,,
41,031028F034,,2022-02-10,-0.4,7,-7.1,68.5,1,0.6,6.2,0,,12.9,4,,,
42,031028F034,,2022-02-11,-0.4,9.1,-8.2,71.3,38.1,0.3,4.3,0,,11.9,54,,,
43,031028F034,,2022-02-12,0.7,10.2,-5.5,72.5,23.7,0.3,4.9,0,,12.3,39,,,
44,031028F034,,2022-02-13,1.7,10.6,-4.1,71.2,42.9,0.3,4,0,,8.8,23,,,
45,031028F034,,2022-02-14,0.9,10.5,-6.3,76.5,348.4,1,7,2.5,,7.9,250,,,
46,031028F034,,2022-02-15,-3.2,-0.2,-5.7,68.4,16.9,2.5,9.5,0,,9.9,0,,,
47,031028F034,,2022-02-16,-5.9,-3,-8.5,59.5,30.3,2.3,9.9,0,,13.3,0,,,
48,031028F034,,2022-02-17,-7.2,-1.5,-12.9,54.4,31.4,1,5.9,0,,14.6,0,,,
49,031028F034,,2022-02-18,-3.9,5.9,-13.5,57,237.3,0.5,4.9,0,,14.7,0,,,
50,031028F034,,2022-02-19,-0.9,3.7,-5.4,62.4,16.2,1.5,7.7,0,,8.5,0,,,
51,031028F034,,2022-02-20,-4,-1,-7,46.8,21.9,2.1,7.9,0,,15.4,0,,,
52,031028F034,,2022-02-21,-2.2,5.2,-11.1,65.2,346.4,1.8,10,0,,10.3,0,,,
53,031028F034,,2022-02-22,-3.8,1.7,-10.4,52.1,32.4,1.4,7.1,0,,14.8,0,,,
54,031028F034,,2022-02-23,-5.9,-0.8,-12.7,49.7,12.6,1.3,7.2,0,,15.8,0,,,
55,031028F034,,2022-02-24,-4.7,3.7,-13.9,59.4,18.8,0.8,6.7,0,,15.9,0,,,
56,031028F034,,2022-02-25,0.3,10.7,-9.4,74.4,316,0.7,7,0,,11.9,17,,,
57,031028F034,,2022-02-26,5,11.5,-2.4,74.5,301.1,1.8,9.9,0,,9.9,469,,,
58,031028F034,,2022-02-27,3.8,11.3,-3.9,54.6,327,1.1,6.7,0,,15.9,0,,,
59,031028F034,,2022-02-28,4.7,12.5,-4.3,56.7,235.4,0.4,4.6,0,,11.4,0,,,
60,031028F034,,2022-03-01,4.4,9.6,-0.8,80.9,2.2,0.8,7,2,,5.2,409,,,
61,031028F034,,2022-03-02,1.9,9.8,-6.7,63.7,7.4,0.8,9.9,0,,17,0,,,
62,031028F034,,2022-03-03,4.3,13.2,-3.3,66.7,24.5,0.6,5.2,0,,15.7,36,,,
63,031028F034,,2022-03-04,6.5,17.3,-4.5,64.6,277.8,2.2,13.4,0,,12.9,28,,,
64,031028F034,,2022-03-05,3,6.9,-2.6,46.5,16.2,2.5,18.2,0,,17.3,0,,,
65,031028F034,,2022-03-06,0.5,5.6,-5,47.9,9.6,1.1,7.1,0,,17.5,0,,,
66,031028F034,,2022-03-07,0.5,9.2,-6.9,63.5,10.7,0.4,4.2,0,,14.3,0,,,
67,031028F034,,2022-03-08,2.8,13.3,-6,71.8,9.5,0.5,5.6,0,,15.7,0,,,
68,031028F034,,2022-03-09,5.1,15.2,-2.8,74.2,14.6,0.3,4.5,0,,15.5,312,,,
69,031028F034,,2022-03-10,6.5,17.5,-2.7,60.3,338.2,0.3,4.8,0,,12.2,124,,,
70,031028F034,,2022-03-11,8.4,18.8,-1.1,70,139.4,0.3,3.4,0,,8,228,,,
71,031028F034,,2022-03-12,12.4,21.7,2.3,76.1,271.7,0.9,8.7,0,,10.9,588,,,
72,031028F034,,2022-03-13,12.6,17.1,10.3,92.6,310.4,0.3,4.5,17,,1.5,1219,,,
73,031028F034,,2022-03-14,9.5,15.2,4.4,93.6,307.4,0.9,9.2,4,,2.9,933,,,
74,031028F034,,2022-03-15,7.1,13.7,0.8,77.2,329.9,0.2,5,0,,15.6,0,,,
75,031028F034,,2022-03-16,7.7,17.1,-0.6,72.8,13.2,0.4,4.3,0,,14.4,0,,,
76,031028F034,,2022-03-17,9,12.3,6.9,79.2,200.2,1,5.9,0,,4,60,,,
77,031028F034,,2022-03-18,7.4,10,5.4,72.8,166.4,1.7,6.4,1.5,,5.3,449,,,
78,031028F034,,2022-03-19,3.8,6.6,0.4,87.4,267.3,0.8,5.9,10,,3.5,349,,,
79,031028F034,,2022-03-20,4.2,9.4,-1.2,79.9,8.4,0.9,5.8,0,,10.8,487,,,
80,031028F034,,2022-03-21,3.6,11.2,-3.9,66.7,24.8,0.5,4.9,0,,14.1,0,,,
81,031028F034,,2022-03-22,5.1,12.5,-1.8,65.1,14.3,0.7,5.8,0,,17.5,0,,,
82,031028F034,,2022-03-23,4.5,8.8,-0.2,73.4,358.6,0.6,5,0,,7.3,0,,,
83,031028F034,,2022-03-24,7,15.8,-1,73.3,282.2,0.8,5.3,0,,13,0,,,
84,031028F034,,2022-03-25,11.2,19.3,2.1,71.1,207.3,1.2,6.8,6,,10.3,110,,,
85,031028F034,,2022-03-26,11.5,14.6,7.6,84,293.6,1.7,7.5,9.5,,4.7,47,,,
86,031028F034,,2022-03-27,6.8,13.2,-0.4,63.3,14.1,1.4,7.9,0,,17,0,,,
87,031028F034,,2022-03-28,5.5,14.8,-3.8,55.5,24.6,0.6,7,0,,19.3,0,,,
88,031028F034,,2022-03-29,7.9,17.6,-1.6,63.3,22.9,0.8,5.5,0,,18.6,0,,,
89,031028F034,,2022-03-30,9.5,17,0.5,83.4,272.1,0.9,5,0.5,,7.7,215,,,
90,031028F034,,2022-03-31,9.6,14.5,2.8,82.4,4.3,0.9,7.5,0,,11.5,0,,,
91,031028F034,,2022-04-01,7,15.3,-0.2,66.2,23.6,0.8,6,0,,18.5,0,,,
92,031028F034,,2022-04-02,5.1,14.2,-3.6,61.5,23.3,0.8,7,0,,19.8,0,,,
93,031028F034,,2022-04-03,6.2,16,-3,65.2,22.9,0.7,5.5,0,,19.4,0,,,
94,031028F034,,2022-04-04,7,17.1,-2.3,59.5,21.4,0.8,6.6,0,,18.9,258,,,
95,031028F034,,2022-04-05,8,17.5,-2,54,10.7,0.8,5.8,0,,14.6,513,,,
96,031028F034,,2022-04-06,9.5,17.7,2.4,54.7,1.2,0.8,5.7,0,,14.9,24,,,
97,031028F034,,2022-04-07,9.9,16.7,1.6,50.4,19.5,1.1,7.5,0,,16.2,266,,,
98,031028F034,,2022-04-08,10.9,22.5,-1.2,52.4,339,0.5,5.8,0,,17.5,440,,,
99,031028F034,,2022-04-09,16.1,26.6,6,53,288.5,1,8.8,0,,15.5,385,,,
100,031028F034,,2022-04-10,15.6,25.9,5,56.7,14.3,0.6,5.4,0,,17.2,612,,,
101,031028F034,,2022-04-11,18,27.9,7.6,67.4,334.8,0.6,5.8,0,,17.3,718,,,
102,031028F034,,2022-04-12,18.1,27.7,10.2,76.8,342.6,0.9,6.8,0,,15.2,857,,,
103,031028F034,,2022-04-13,11.2,15.4,8.2,94.1,129.8,1.4,7.4,23.5,,2.1,1416,,,
104,031028F034,,2022-04-14,9.8,13.2,7.8,83.4,150.2,1.2,6.4,9.5,,7,713,,,
105,031028F034,,2022-04-15,9.8,17.1,3.2,71.8,2.3,0.6,6.5,0,,21.2,520,,,
106,031028F034,,2022-04-16,9.7,18.2,1.4,65.9,14,0.7,5.9,0,,21.4,608,,,
107,031028F034,,2022-04-17,10.5,21.1,-0.2,66.7,20,0.6,5.4,0,,21.4,634,,,
108,031028F034,,2022-04-18,12.3,21.5,4.9,63.7,27.2,0.7,6.9,0,,16.9,569,,,
109,031028F034,,2022-04-19,11.8,22.8,2.3,67.5,28.6,0.5,6.1,0,,21.2,661,,,
110,031028F034,,2022-04-20,12.6,23.3,1.2,59.6,354.3,0.6,7.1,0,,22.5,539,,,
111,031028F034,,2022-04-21,13.1,23.1,2.9,63.8,290.3,0.7,7.2,0,,17,602,,,
112,031028F034,,2022-04-22,14.9,22.5,6.9,75.8,299.4,0.9,7.8,0,,12.4,346,,,
113,031028F034,,2022-04-23,16.3,25.5,8,67.1,212.6,0.1,3.7,0,,18,323,,,
114,031028F034,,2022-04-24,17.2,27,9,77.5,18.1,0.5,5.9,0,,17.9,469,,,
115,031028F034,,2022-04-25,19.8,25.6,16.2,77.3,221.2,0.1,7.3,1.5,,10.7,175,,,
116,031028F034,,2022-04-26,18.7,24.6,14.3,79.6,21.3,0.6,5.5,7.5,,16.8,525,,,
117,031028F034,,2022-04-27,14.8,22.2,7.4,51.9,13.4,0.4,5.3,0,,22.6,85,,,
118,031028F034,,2022-04-28,14.7,25.6,5.6,62.7,2.5,0.4,7.5,0,,19.8,493,,,
119,031028F034,,2022-04-29,12.9,16.3,9.6,78.8,147.8,0.5,5.7,15.5,,11.7,460,,,
120,031028F034,,2022-04-30,12.7,18.7,7,72.8,16.6,0.7,7.5,0,,15.8,0,,,
121,031028F034,,2022-05-01,12.1,20.1,2.8,60.1,327.8,0.8,7.6,0,,23.8,1378,,,
122,031028F034,,2022-05-02,11.6,19.6,3.8,67.8,10.7,0.6,6.9,0,,24,1430,,,
123,031028F034,,2022-05-03,12.2,22.5,2.1,60.4,332.1,0.6,5.2,0,,24,1430,,,
124,031028F034,,2022-05-04,14.3,26.3,3.5,62.7,293.9,0.7,7.3,0,,23.2,1430,,,
125,031028F034,,2022-05-05,15.4,26.5,4.4,68.3,13.1,0.5,5,0,,24.2,1430,,,
126,031028F034,,2022-05-06,17.4,26.3,7.6,74.6,29.3,0.6,5.6,0,,19.2,1430,,,
127,031028F034,,2022-05-07,16.2,22.2,7.9,72.5,10.2,0.8,7.6,0,,17.5,1430,,,
128,031028F034,,2022-05-08,14.9,20.6,7.9,60,151.3,0.3,6.6,2,,11.7,1430,,,
129,031028F034,,2022-05-09,15.7,24.3,9.3,69.3,176.7,0.3,5.2,0.5,,22.9,1430,,,
130,031028F034,,2022-05-10,16.8,25.7,6.8,54.6,238.7,0.5,6.3,0,,24,1430,,,
131,031028F034,,2022-05-11,17.7,23.9,11.5,61.7,12.5,0.6,4.7,0,,19.6,1430,,,
132,031028F034,,2022-05-12,17.9,27.4,10.3,67.8,359.2,0.5,5.5,0,,20.6,1430,,,
133,031028F034,,2022-05-13,16.8,23.6,11.8,67.1,0.6,0.8,6.7,0,,11.3,1430,,,
134,031028F034,,2022-05-14,14.3,20.6,6,56.4,13.8,1.3,7.8,0,,24.5,1430,,,
135,031028F034,,2022-05-15,13.1,21.4,4.1,60,11.8,0.9,7,0,,25,1430,,,
136,031028F034,,2022-05-16,14.3,24.7,2.1,56.3,300.2,0.9,6.3,0,,25.1,1430,,,
137,031028F034,,2022-05-17,18.5,28.3,6.4,59.8,268.2,1,7.2,0,,23.8,1430,,,
138,031028F034,,2022-05-18,19.7,28.4,8.7,55.2,282.7,1.1,8,0,,19.5,1430,,,
139,031028F034,,2022-05-19,18.4,25.5,9.1,51,291.8,0.9,8.2,0,,16.7,1430,,,
140,031028F034,,2022-05-20,18.3,27.2,9.9,67,357,0.5,5.4,0,,22.5,1430,,,
141,031028F034,,2022-05-21,18.9,26.1,12.1,79.2,14.9,0.8,5.7,0,,20.3,1430,,,
142,031028F034,,2022-05-22,19,27.2,9.8,77,339.5,0.6,5.2,0,,23.1,1430,,,
143,031028F034,,2022-05-23,20.3,30.8,11.3,73,359.8,0.6,4.9,0,,22.8,1430,,,
144,031028F034,,2022-05-24,19.2,28.8,9.3,68.3,11.1,0.6,5.5,0,,24.5,1430,,,
145,031028F034,,2022-05-25,18.8,26.5,10.5,76.9,11.9,0.7,5.7,3,,20.2,1430,,,
146,031028F034,,2022-05-26,18.1,25.3,9.7,62.8,324.8,0.7,7.4,1.5,,25.5,1430,,,
147,031028F034,,2022-05-27,19.5,25.2,11.6,63,3.3,0.9,6.3,0,,25.3,1430,,,
148,031028F034,,2022-05-28,19.3,29.6,9.1,64,304.6,0.6,6.4,0,,23.2,1430,,,
149,031028F034,,2022-05-29,20.2,30.2,9.6,68.7,357.6,0.4,5,0,,23.8,1430,,,
150,031028F034,,2022-05-30,19.5,24.8,14.6,83,12.5,0.5,5.9,0,,10.7,1430,,,
151,031028F034,,2022-05-31,17.8,28.5,7.6,62.3,328.8,0.5,6.4,0,,24.9,1430,,,
152,031028F034,,2022-06-01,19.2,31,9,56.8,3.9,0.8,6,0,,26,1430,,,
153,031028F034,,2022-06-02,18.9,28,8,75.1,28,0.6,5.1,0,,23.9,1430,,,
154,031028F034,,2022-06-03,22.9,31.5,17.5,72.4,19.8,0.5,4.7,0,,22.1,1430,,,
155,031028F034,,2022-06-04,22.7,29.3,15.5,70.8,196.2,0.4,3.5,0,,16.5,1430,,,
156,031028F034,,2022-06-05,19.3,22.5,16.3,75.3,194.4,0.6,5.5,5,,5.8,1430,,,
157,031028F034,,2022-06-06,18.5,23.8,15.5,83.8,126.8,0.2,5.8,3.5,,13.9,1430,,,
158,031028F034,,2022-06-07,17.4,23,11.7,75.7,223.3,0.1,4.4,0,,12.3,1430,,,
159,031028F034,,2022-06-08,19.1,27.1,10.6,76.3,9.3,0.4,4.9,0,,23.1,1430,,,
160,031028F034,,2022-06-09,20.8,26.5,15.1,78.6,13.7,0.1,5,0,,16.4,1430,,,
161,031028F034,,2022-06-10,21.1,28.3,14.1,76.7,36,0.4,5.1,0,,18.1,1430,,,
162,031028F034,,2022-06-11,22.2,31.4,13.1,71.7,32.3,0.5,5.4,0,,23.3,1430,,,
163,031028F034,,2022-06-12,22,30.9,14.4,76.3,240.3,0.4,4.4,4,,20.5,1430,,,
164,031028F034,,2022-06-13,22.9,28.4,17.4,66.2,187.5,1.1,5.9,0,,21.8,1430,,,
165,031028F034,,2022-06-14,18.2,23.9,14.4,75,182.4,0.7,6.8,4,,10.6,1430,,,
166,031028F034,,2022-06-15,19.1,26,14.7,86.1,292.9,0.3,6.8,12,,12.3,1430,,,
167,031028F034,,2022-06-16,20.6,26.8,15,75.6,2.4,0.1,4.5,0,,20.9,1430,,,
168,031028F034,,2022-06-17,21.1,27.2,13.3,83.6,207.2,0.1,3.4,0,,12.2,1430,,,
169,031028F034,,2022-06-18,23.4,28.4,18.9,81.5,342.7,0.1,4.7,0,,12.4,1430,,,
170,031028F034,,2022-06-19,23.9,28.4,20.3,82.8,,0,2.3,0,,10.1,1430,,,
171,031028F034,,2022-06-20,25,31.1,20.5,79.1,13.2,0.4,3.8,0,,18.4,1430,,,
172,031028F034,,2022-06-21,24.4,32,18.5,80.7,4.3,0.2,5.1,0,,22.6,1430,,,
173,031028F034,,2022-06-22,24.2,32,18,80.7,24,0.1,4.1,0,,20.4,1430,,,
174,031028F034,,2022-06-23,23.8,30,18.3,90.7,267.1,0.7,6.3,13.5,,7.2,1430,,,
175,031028F034,,2022-06-24,24.4,28.9,20.4,84.3,304.9,0.8,6.5,6,,17.3,1430,,,
176,031028F034,,2022-06-25,26.4,33.4,18.2,78.3,285.7,0.4,5.3,0,,22.7,1430,,,
177,031028F034,천안시 직산읍,2022-06-26,27.3,31.4,23.1,78.2,269.5,0.4,6.3,0,,11.2,1430,,,
178,031028F034,천안시 직산읍,2022-06-27,27.6,30.6,24.4,78.9,265.3,0.8,7.2,0,,9.2,1430,,,
179,031028F034,천안시 직산읍,2022-06-28,29.1,32.1,27.6,68.1,269.6,2.3,9.9,0,,15.6,1431,,,
180,031028F034,천안시 직산읍,2022-06-29,26,30.5,24.1,89,269.5,0.7,6.9,7.5,,9.2,1430,,,
181,031028F034,천안시 직산읍,2022-06-30,25.1,31.3,21.3,90.6,286.8,0.4,5.7,4,,13.5,1430,,,
182,031028F034,천안시 직산읍,2022-07-01,27,33.1,21.3,81.5,310.5,0.4,4.3,1,,21.9,1430,,,
183,031028F034,천안시 직산읍,2022-07-02,27.1,33.5,20.9,82.5,0.5,0.3,4.1,0,,21.8,1430,,,
184,031028F034,천안시 직산읍,2022-07-03,27.6,35,21.6,78.9,319.9,0.2,4.5,0,,21.1,1430,,,
185,031028F034,천안시 직산읍,2022-07-04,27.7,34.3,23.4,77.1,348.7,0.2,4.9,0,,18.5,1430,,,
186,031028F034,천안시 직산읍,2022-07-05,27.3,34.1,22.8,81.2,10.5,0.3,4.7,0,,16.3,1430,,,
187,031028F034,천안시 직산읍,2022-07-06,29.3,35.6,23,78.3,222.5,0.5,4.6,0,,20.7,1430,,,
188,031028F034,천안시 직산읍,2022-07-07,28.9,33.9,24.6,77.9,261.7,0.8,6.8,0.5,,15.1,1430,,,
189,031028F034,천안시 직산읍,2022-07-08,27,31.2,22.2,82.5,358.3,0.4,5,1,,15.9,1430,,,
190,031028F034,천안시 직산읍,2022-07-09,26.2,31.9,22.3,82.4,8,0.1,2.9,0,,14.5,1430,,,
191,031028F034,천안시 직산읍,2022-07-10,27.4,35,20.8,80.6,326.2,0.1,3.4,0,,19.8,1430,,,
192,031028F034,천안시 직산읍,2022-07-11,25.1,31,22.6,91.1,249.9,0,3.7,2,,11.3,1430,,,
193,031028F034,천안시 직산읍,2022-07-12,26.2,30.3,21,86.8,270.1,0,2.7,0,,11.5,1430,,,
194,031028F034,천안시 직산읍,2022-07-13,24.9,26.8,22.5,91.9,254.6,0.6,8.2,2,,2.2,1430,,,
195,031028F034,천안시 직산읍,2022-07-14,25.4,29.6,23.2,88.6,5.6,0.2,4.1,1,,14.9,1430,,,
196,031028F034,천안시 직산읍,2022-07-15,24.9,30.9,20.1,83,,0,2.4,0.5,,20.3,1430,,,
197,031028F034,천안시 직산읍,2022-07-16,23.8,29.9,19.2,87.4,13.2,0.2,5.4,0.5,,15.6,1430,,,
198,031028F034,천안시 직산읍,2022-07-17,24.9,30.4,19.7,84.5,20.4,0,3.7,0,,17.8,1430,,,
199,031028F034,천안시 직산읍,2022-07-18,23.2,26.8,20.1,92.7,198.8,0.1,4.3,0.5,,6.6,1430,,,
200,031028F034,천안시 직산읍,2022-07-19,24.8,31.6,19.5,86.1,346.3,0.1,4.2,0,,13.6,1430,,,
201,031028F034,천안시 직산읍,2022-07-20,26.4,32.8,21.6,82,339.8,0.1,3.9,0,,17.9,1430,,,
202,031028F034,천안시 직산읍,2022-07-21,22.9,25.1,21.4,93.5,33,0.2,4.7,0.5,,4.3,1430,,,
203,031028F034,천안시 직산읍,2022-07-22,24.9,29.9,20.7,81.9,17,0.3,4.5,0,,19.4,1430,,,
204,031028F034,천안시 직산읍,2022-07-23,23.9,29,19.6,88.7,241.2,0.1,4.1,0,,10.8,1430,,,
205,031028F034,천안시 직산읍,2022-07-24,25.2,29.3,22,90.9,223.9,0,4.6,0,,10.4,1430,,,
206,031028F034,천안시 직산읍,2022-07-25,26.5,32.5,22.1,81.9,25.5,0,3.2,0,,20,1430,,,
207,031028F034,천안시 직산읍,2022-07-26,26.8,34.7,20.2,81.1,335.5,0,3.4,0.5,,18.2,1430,,,
208,031028F034,천안시 직산읍,2022-07-27,26.2,32,21.9,82.2,206.4,0.2,3.7,0,,19.5,1430,,,
209,031028F034,천안시 직산읍,2022-07-28,27.7,33.6,21,78,201.3,0.4,4.4,0,,22,1430,,,
210,031028F034,천안시 직산읍,2022-07-29,29.2,36.1,23.4,78.9,198.8,0.2,3.4,0,,19.8,1430,,,
211,031028F034,천안시 직산읍,2022-07-30,28.6,34.4,22.9,78.5,192.3,0.5,5.3,0,,18.4,1430,,,
212,031028F034,천안시 직산읍,2022-07-31,26.3,28.6,25.1,93.2,156.4,0.1,3.3,0,,5.3,1430,,,
213,031028F034,천안시 직산읍,2022-08-01,28.2,33.3,24.9,85.1,182,0.5,4.5,0,,15.6,1430,,,
214,031028F034,천안시 직산읍,2022-08-02,27.7,31.5,25.8,87.2,274.6,0.4,8.3,0,,13.3,1430,,,
215,031028F034,천안시 직산읍,2022-08-03,27.9,32.7,24.7,87.8,0,0.1,4.3,0,,11.2,1430,,,
216,031028F034,천안시 직산읍,2022-08-04,28.3,33.3,24.6,85.2,24.6,0.3,4.1,0,,20.3,1430,,,
217,031028F034,천안시 직산읍,2022-08-05,28.4,33.5,24.2,86.2,299.4,0.4,5,0,,17,1430,,,
218,031028F034,천안시 직산읍,2022-08-06,29.1,34.5,24.4,83.6,316.2,0.2,3.4,0,,17.7,1430,,,
219,031028F034,천안시 직산읍,2022-08-07,29,33.9,25.1,83.8,274.8,0.3,4.1,0,,14.3,1430,,,
220,031028F034,천안시 직산읍,2022-08-08,27.8,30.4,26.4,86.9,270.7,0.2,5.9,0,,4,1430,,,
221,031028F034,천안시 직산읍,2022-08-09,27.2,29.4,25.3,88.9,275.6,0.6,6.3,0,,5.9,1430,,,
222,031028F034,천안시 직산읍,2022-08-10,23.9,27.2,22.2,96.8,323.6,0,5.4,0.5,,3.6,1430,,,
223,031028F034,천안시 직산읍,2022-08-11,24.7,25.9,23.8,97.5,273.5,0.2,5.4,0,,2.6,1430,,,
224,031028F034,천안시 직산읍,2022-08-12,25.9,32,21.3,83.6,36.2,0,3.4,0,,21.2,1430,,,
225,031028F034,천안시 직산읍,2022-08-13,24.7,27.1,21,94.9,261.6,0.1,3.7,0,,4.4,1430,,,
226,031028F034,천안시 직산읍,2022-08-14,25.4,28.8,23,98,263.3,0,5.8,0,,4.2,1430,,,
227,031028F034,천안시 직산읍,2022-08-15,28,31.9,24.6,83.2,272.2,1.1,8.2,0,,14.4,1430,,,
228,031028F034,천안시 직산읍,2022-08-16,26.3,31.6,21,83.3,358.1,0.4,4.5,0,,18.7,1430,,,
229,031028F034,천안시 직산읍,2022-08-17,24.4,30.7,20.1,86.6,24.3,0.4,4.3,0,,16.7,1430,,,
230,031028F034,천안시 직산읍,2022-08-18,24.1,31.1,18.9,83.1,0.5,0.1,4.8,0,,19.1,1430,,,
231,031028F034,천안시 직산읍,2022-08-19,25.6,29,19.5,86.8,268.9,0.6,6.8,0,,8.3,1430,,,
232,031028F034,천안시 직산읍,2022-08-20,27.1,31.3,22.1,84.2,348.2,0.8,4.8,0,,19.4,1430,,,
233,031028F034,천안시 직산읍,2022-08-21,26.5,33.9,21,82.5,241.2,0.3,3.3,0,,20.8,1430,,,
234,031028F034,천안시 직산읍,2022-08-22,26.6,32.5,22.1,83,304.4,0.3,4.6,0,,15.5,1430,,,
235,031028F034,천안시 직산읍,2022-08-23,23.9,26.7,19.8,93.7,88.4,0,2.4,0,,4.1,1430,,,
236,031028F034,천안시 직산읍,2022-08-24,22.9,27.2,19.3,86.4,188,0.2,5.2,0,,11.6,1430,,,
237,031028F034,천안시 직산읍,2022-08-25,21.1,27.1,17.5,90.1,30.2,0,4.7,0,,6.9,1430,,,
238,031028F034,천안시 직산읍,2022-08-26,21.9,28.3,16.2,83.6,15,0,3.2,0,,17.3,1430,,,
239,031028F034,천안시 직산읍,2022-08-27,20.6,25.8,14.6,73.7,14.4,0.5,5.6,0,,20.8,1430,,,
240,031028F034,천안시 직산읍,2022-08-28,20.1,29.1,12,79.2,211.7,0.1,3.4,0,,20.9,1430,,,
241,031028F034,천안시 직산읍,2022-08-29,19.5,21.4,17.8,88.2,197.9,0.1,3.5,0,,4.3,1430,,,
242,031028F034,천안시 직산읍,2022-08-30,19.1,20.3,17.7,98.9,172.6,0,3.1,0,,1.9,1430,,,
243,031028F034,천안시 직산읍,2022-08-31,20.4,22.8,17.7,95.5,,0,0.1,0,,5,1430,,,
244,031028F034,천안시 직산읍,2022-09-01,22,29.4,17,85.4,97.9,0,3,0,,17.8,1430,,,
245,031028F034,천안시 직산읍,2022-09-02,22.1,28.7,15.8,81.1,159.2,0.4,5.4,0,,17.6,1430,,,
246,031028F034,천안시 직산읍,2022-09-03,22.4,28.9,17.4,79.3,183,0.5,5.4,0,,14.2,1430,,,
247,031028F034,천안시 직산읍,2022-09-04,23,26.5,19.8,90.6,231.9,0.2,5.3,0,,4.5,1430,,,
248,031028F034,천안시 직산읍,2022-09-05,20.9,22.9,17.6,98.3,50.2,0.1,3.7,0.5,,1.3,1430,,,
249,031028F034,천안시 직산읍,2022-09-06,19.6,25.3,14.4,86.9,36,0.8,6.6,0,,13.6,1430,,,
250,031028F034,천안시 직산읍,2022-09-07,19.8,27.9,14.1,80,21.8,0,3.6,0,,18.8,1430,,,
251,031028F034,천안시 직산읍,2022-09-08,20,29.5,12.3,83.3,,0,2.3,0,,18.4,1430,,,
252,031028F034,천안시 직산읍,2022-09-09,20.5,29.4,14.4,83.4,117.1,0.1,3.8,0,,17.6,1430,,,
253,031028F034,천안시 직산읍,2022-09-10,20.4,27.5,14.7,79,159.5,0,2.8,0,,13.9,1430,,,
254,031028F034,천안시 직산읍,2022-09-11,21.9,27,17.3,83.7,101.9,0,2.8,0,,10.9,1430,,,
255,031028F034,천안시 직산읍,2022-09-12,22.9,28.9,18.5,87.6,,0,0.1,0,,11.6,1430,,,
256,031028F034,천안시 직산읍,2022-09-13,23.4,27.9,20.2,89.1,,0,3.2,0,,7.8,1430,,,
257,031028F034,천안시 직산읍,2022-09-14,22.5,28.2,18,77.6,153.2,0.3,4.3,0,,10.3,1430,,,
258,031028F034,천안시 직산읍,2022-09-15,23.9,29.3,18.1,75.3,179.8,0.5,4.9,0,,12.9,1430,,,
259,031028F034,천안시 직산읍,2022-09-16,25.5,31.9,21.6,79.8,226.1,0.7,5.4,0,,13.9,1430,,,
260,031028F034,천안시 직산읍,2022-09-17,25.9,31.6,22.7,86.7,26.2,0.3,4.6,0,,12.6,1430,,,
261,031028F034,천안시 직산읍,2022-09-18,25.7,30.2,22.2,85.8,88.7,0.3,4.1,0,,9.5,1430,,,
262,031028F034,천안시 직산읍,2022-09-19,24.1,30.8,15.2,72.7,82.9,1,5.9,0,,14.3,1430,,,
263,031028F034,천안시 직산읍,2022-09-20,17.1,24.4,11.7,81.4,142.8,0.3,4.7,0,,12.4,1430,,,
264,031028F034,천안시 직산읍,2022-09-21,16.1,25,9.3,81.5,208.6,0.2,3.8,0,,17,1430,,,
265,031028F034,천안시 직산읍,2022-09-22,17.5,24.9,10.6,77.9,225.4,0.3,4.2,0,,15.7,1430,,,
266,031028F034,천안시 직산읍,2022-09-23,15.8,24.4,10.7,81,352.2,0.7,7.8,0,,12.3,1430,,,
267,031028F034,천안시 직산읍,2022-09-24,15.6,23.8,7.7,80.6,8.3,0,4.3,0,,15.5,1430,,,
268,031028F034,천안시 직산읍,2022-09-25,17.1,25.2,11.7,83.4,,0,2.3,0,,12.3,1430,,,
269,031028F034,천안시 직산읍,2022-09-26,17.4,25.8,11.7,81,,0,2.9,0,,13.7,1430,,,
270,031028F034,천안시 직산읍,2022-09-27,16.7,27,8.1,82.5,,0,0.9,0,,15.7,1430,,,
271,031028F034,천안시 직산읍,2022-09-28,17.5,26.8,10.7,85.9,,0,1.5,0,,11.6,1430,,,
272,031028F034,천안시 직산읍,2022-09-29,17.1,25.1,11.4,89.4,,0,2.1,0,,10.4,1430,,,
273,031028F034,천안시 직산읍,2022-09-30,17.2,27.9,9.6,85.1,,0,0.2,0,,15.4,1430,,,
274,031028F034,천안시 직산읍,2022-10-01,18.6,27.4,12.2,86.4,,0,0,0,,12,1430,,,
275,031028F034,천안시 직산읍,2022-10-02,19,25.3,13.3,85.8,252.4,0.1,4.6,0,,7.6,1430,,,
276,031028F034,천안시 직산읍,2022-10-03,22.5,25.8,18.2,92.1,267.8,0.5,6.3,0,,3.4,1430,,,
277,031028F034,천안시 직산읍,2022-10-04,18.9,23.5,12.6,85,357.5,1,6.5,0,,10.6,1430,,,
278,031028F034,천안시 직산읍,2022-10-05,15.3,21.8,11.3,80.7,11.6,0,3.6,0,,13.9,1430,,,
279,031028F034,천안시 직산읍,2022-10-06,16,20.9,13,85.4,,0,3,0,,9.3,1430,,,
280,031028F034,천안시 직산읍,2022-10-07,14.5,19.1,8.4,78.5,17.9,0.2,4.5,0,,11.6,1430,,,
281,031028F034,천안시 직산읍,2022-10-08,12.9,21.7,6.2,82.6,189,0.1,4.5,0,,12.6,1430,,,
282,031028F034,천안시 직산읍,2022-10-09,13.1,14.5,10.8,90.4,44.1,0.1,7.5,0,,2.5,1430,,,
283,031028F034,천안시 직산읍,2022-10-10,10.1,13.3,7.9,83.8,318.5,0.8,7.4,0,,6.7,1430,,,
284,031028F034,천안시 직산읍,2022-10-11,9.9,16.2,4.1,82.5,9.9,0.4,5,0,,13.6,1430,,,
285,031028F034,천안시 직산읍,2022-10-12,9.7,21.2,2.1,88,,0,2.8,0,,13.3,1430,,,
286,031028F034,천안시 직산읍,2022-10-13,12.3,22.2,5.4,85.4,69.6,0,3.1,0,,13.3,1430,,,
287,031028F034,천안시 직산읍,2022-10-14,13.9,22.7,7,87.7,,0,0.2,0,,10.6,1430,,,
288,031028F034,천안시 직산읍,2022-10-15,16.3,24.4,8.4,83.9,,0,1.7,0,,12.6,1430,,,
289,031028F034,천안시 직산읍,2022-10-16,16.2,21.4,12.8,89.8,40.7,0.1,3.9,0,,5.9,1430,,,
290,031028F034,천안시 직산읍,2022-10-17,11.4,15.1,3.4,63.4,25.6,1,8.2,0,,14,1430,,,
291,031028F034,천안시 직산읍,2022-10-18,5.8,14.2,0,76.8,19.9,0.6,11,0,,13.9,1430,,,
292,031028F034,천안시 직산읍,2022-10-19,6.5,16.7,-1.2,78.6,34.3,0.3,4.1,0,,13.4,1430,,,
293,031028F034,천안시 직산읍,2022-10-20,8.5,18.8,-0.2,81.7,116.7,0.1,2.7,0,,13.1,1430,,,
294,031028F034,천안시 직산읍,2022-10-21,10.9,20.1,2.7,83.2,350.9,0.1,3.1,0,,10.4,1430,,,
295,031028F034,천안시 직산읍,2022-10-22,11.5,20.2,4.1,85.4,8.4,0.3,4,0,,12.4,1430,,,
296,031028F034,천안시 직산읍,2022-10-23,12.1,18.8,4.2,80.3,2.6,0.5,5.6,0,,10.7,1430,,,
297,031028F034,천안시 직산읍,2022-10-24,7.5,15.3,1,74.9,25.9,0.5,5.4,0,,12.6,1430,,,
298,031028F034,천안시 직산읍,2022-10-25,6.7,17.3,-0.6,79.6,143.5,0.1,4.7,0,,12.7,1430,,,
299,031028F034,천안시 직산읍,2022-10-26,8.4,18.8,-0.1,79.6,242.2,0.1,3.5,0,,11.1,1430,,,
300,031028F034,천안시 직산읍,2022-10-27,9.8,19,1.4,83.3,12.3,0.1,4.1,0,,11.2,1430,,,
301,031028F034,천안시 직산읍,2022-10-28,10.5,18.2,4.8,89.9,,0,1.9,0,,8.1,1430,,,
302,031028F034,천안시 직산읍,2022-10-29,10.4,21.2,2.7,83.2,99.1,0,3.1,0,,11,1430,,,
303,031028F034,천안시 직산읍,2022-10-30,10.5,21.3,3.6,84.2,90.5,0,3,0,,10.7,1430,,,
304,031028F034,천안시 직산읍,2022-10-31,11.3,21.1,3.9,81.9,234.8,0.1,4.7,0,,11,1430,,,
305,031028F034,천안시 직산읍,2022-11-01,10.4,18.9,3.6,89,31.4,0.1,3.7,0,,5.9,810,,,
306,031028F034,천안시 직산읍,2022-11-02,7,17.8,0,78,20.3,0.1,4.3,0,,12.5,1430,,,
307,031028F034,천안시 직산읍,2022-11-03,7.4,15,0.1,77.1,33.5,0.1,3.9,0,,5.5,1430,,,
308,031028F034,천안시 직산읍,2022-11-04,3.9,9.6,-1.8,60.6,25,0.7,5.8,0,,12.7,1430,,,
309,031028F034,천안시 직산읍,2022-11-05,2.8,13.5,-5.4,72.4,27.3,0.3,4.6,0,,12.7,1430,,,
310,031028F034,천안시 직산읍,2022-11-06,5.5,16.1,-1.8,79.4,38.8,0.3,4.1,0,,10,1430,,,
311,031028F034,천안시 직산읍,2022-11-07,7.7,17.6,-1.4,74.9,230.2,0.1,3,0,,9,1430,,,
312,031028F034,천안시 직산읍,2022-11-08,10.2,18.5,3.4,78.5,356.6,0.1,3.6,0,,8.9,1430,,,
313,031028F034,천안시 직산읍,2022-11-09,7.9,16.9,1.4,86.3,14.5,0.1,3.2,0,,9.2,1430,,,
314,031028F034,천안시 직산읍,2022-11-10,9.1,19.3,1.6,83.3,99.3,0.1,3.2,0,,9.5,1430,,,
315,031028F034,천안시 직산읍,2022-11-11,11.1,22.4,2.5,77.8,235.7,0.4,5.1,0,,9.9,1430,,,
316,031028F034,천안시 직산읍,2022-11-12,15.2,23.2,5.1,80.1,248.5,1,6.3,58.5,,6.8,1430,,,
317,031028F034,천안시 직산읍,2022-11-13,11,17.9,8.2,82.9,346.2,0.8,6.7,0.5,,2.7,1430,,,
318,031028F034,천안시 직산읍,2022-11-14,9,14,2.4,81.3,19.8,0.4,6,0,,5.6,1430,,,
319,031028F034,천안시 직산읍,2022-11-15,6.6,14,-0.4,80.6,306,0.1,4.8,0,,6.1,1430,,,
320,031028F034,천안시 직산읍,2022-11-16,6.4,14.6,0.7,79.8,25.2,0.3,5,0,,9.7,1430,,,
321,031028F034,천안시 직산읍,2022-11-17,6.9,15.8,0.8,79.2,126.3,0.1,3.2,0,,9.8,1430,,,
322,031028F034,천안시 직산읍,2022-11-18,6.2,17.8,-0.8,80.2,123.7,0.2,3.9,0,,10.2,1430,,,
323,031028F034,천안시 직산읍,2022-11-19,8,19.4,-0.6,78.3,220.5,0.4,5.2,0,,9.3,1430,,,
324,031028F034,천안시 직산읍,2022-11-20,10.3,19.3,4.2,80.5,343.1,0.1,3.2,0,,7.7,1430,,,
325,031028F034,천안시 직산읍,2022-11-21,9.6,19.1,2.3,80.5,23.9,0.4,4.8,0,,9,1430,,,
326,031028F034,천안시 직산읍,2022-11-22,9.2,14.7,4.8,88.3,97.8,0,2.7,0.5,,4.5,1430,,,
327,031028F034,천안시 직산읍,2022-11-23,8.9,15.7,1,80.5,345.7,0.5,6,0,,8.8,1430,,,
328,031028F034,천안시 직산읍,2022-11-24,6.1,14.6,0.7,83.2,77.6,0.1,3,0,,8.1,1430,,,
329,031028F034,천안시 직산읍,2022-11-25,9.2,18.7,-0.4,69.4,272.3,0.7,5.4,0,,8.8,1430,,,
330,031028F034,천안시 직산읍,2022-11-26,6.5,14.1,-2.4,70.5,13.1,0.9,6.3,0,,9.2,1430,,,
331,031028F034,천안시 직산읍,2022-11-27,2.7,13.5,-5.2,70.9,181.2,0.2,4.3,0,,9.3,1430,,,
332,031028F034,천안시 직산읍,2022-11-28,11.2,15.9,3.8,68.3,245,1.7,18.6,17,,4.3,1430,,,
333,031028F034,천안시 직산읍,2022-11-29,8.5,14,0.3,70.4,29.7,2.1,7.8,4.5,,3.8,1430,,,
334,031028F034,천안시 직산읍,2022-11-30,-3.4,0.4,-6.2,51.4,41.3,1.9,8.8,0,,9.1,1430,,,
335,031028F034,천안시 직산읍,2022-12-01,-5.4,0.3,-11.3,57.7,46.3,0,4.5,0,,9.3,1430,,,
336,031028F034,천안시 직산읍,2022-12-02,-3.9,2.1,-10.2,68.6,,0,2.9,0,,9.7,1430,,,
337,031028F034,천안시 직산읍,2022-12-03,2.4,6.3,-1.2,77.7,252.5,0.3,6.2,0.5,,2.6,1430,,,
338,031028F034,천안시 직산읍,2022-12-04,-2.4,1,-7.5,48.5,37.9,0.7,6.9,0,,6.2,1430,,,
339,031028F034,천안시 직산읍,2022-12-05,-3.8,1.6,-8.9,53.4,16.6,0.3,5,0,,8.8,1430,,,
340,031028F034,천안시 직산읍,2022-12-06,-0.6,5.1,-9.3,79.8,256.6,0.1,4.2,0.5,,4,1430,,,
341,031028F034,천안시 직산읍,2022-12-07,3.7,8.4,-2.5,74.3,346.2,0.2,6.4,1,,5.2,1430,,,
342,031028F034,천안시 직산읍,2022-12-08,0.4,9.5,-5,73.8,,0,1,0,,8.8,1430,,,
343,031028F034,천안시 직산읍,2022-12-09,1.6,11.5,-4.9,79.6,27,0.1,8.2,0,,5.5,1430,,,
344,031028F034,천안시 직산읍,2022-12-10,-0.6,5.7,-5.7,76.3,345.6,0.1,3.1,0,,4.8,1430,,,
345,031028F034,천안시 직산읍,2022-12-11,-1.3,7.1,-7.2,73.3,345.7,0.1,4.3,0,,8.8,1430,,,
346,031028F034,천안시 직산읍,2022-12-12,0.4,7,-8.5,78.5,326.4,0.1,5.2,1,,6.4,1430,,,
347,031028F034,천안시 직산읍,2022-12-13,1.4,4.3,-4.5,86.6,354.4,1.3,9.2,5.5,,2.5,1430,,,
348,031028F034,천안시 직산읍,2022-12-14,-8.2,-4.5,-11.9,65.8,52.6,0.6,7.3,0,,8.4,1430,,,
349,031028F034,천안시 직산읍,2022-12-15,-3.5,1.7,-11.9,84.7,261.4,0.6,5.8,2.5,,4.3,1430,,,
350,031028F034,천안시 직산읍,2022-12-16,-5.8,-2.4,-11.7,63.3,43.5,0.2,3.8,0,,7.3,1430,,,
351,031028F034,천안시 직산읍,2022-12-17,-7.3,-2.8,-12.7,69.7,31.8,0.4,5.4,1,,5.5,1430,,,
352,031028F034,천안시 직산읍,2022-12-18,-10.2,-5.8,-16.9,67,37.7,0.2,5.2,0,,8.9,1430,,,
353,031028F034,천안시 직산읍,2022-12-19,-9.2,-2.5,-16.5,75.5,,0,2.6,0.5,,8.3,1430,,,
354,031028F034,천안시 직산읍,2022-12-20,-6.2,2.6,-14.8,75.4,,0,2,0.5,,9.1,1430,,,
355,031028F034,천안시 직산읍,2022-12-21,0.5,3,-4.1,87.8,295.1,0.5,5.7,3,,1.6,1430,,,
356,031028F034,천안시 직산읍,2022-12-22,-5.3,-1.1,-9.2,65.3,43.4,2.3,9,0,,5.4,1430,,,
357,031028F034,천안시 직산읍,2022-12-23,-9.7,-7.5,-11.9,74.4,41.9,1.9,7.8,0,,5.2,1430,,,
358,031028F034,천안시 직산읍,2022-12-24,-11.8,-3.9,-18,71.2,,0,2.8,0,,9.3,1430,,,
359,031028F034,천안시 직산읍,2022-12-25,-8.3,0.2,-15.3,80.2,347.9,0.1,6.2,0.5,,9.3,1430,,,
360,031028F034,천안시 직산읍,2022-12-26,-7.1,1.3,-13.6,78.9,,0,2.5,0,,7.5,1430,,,
361,031028F034,천안시 직산읍,2022-12-27,-5.6,4.1,-13.3,79.4,,0,3.3,0,,9,1430,,,
362,031028F034,천안시 직산읍,2022-12-28,-4.2,1.1,-10.5,73.9,32.7,0.3,5.6,0.5,,8,1430,,,
363,031028F034,천안시 직산읍,2022-12-29,-6.2,1.4,-12.5,74.1,24.7,0,2.9,0,,7.8,1430,,,
364,031028F034,천안시 직산읍,2022-12-30,-2.8,2.7,-9.1,78,355.8,0.3,4.3,0,,7.8,1430,,,
365,031028F034,천안시 직산읍,2022-12-31,-3.5,5,-10.6,81.2,348.6,0.2,4.4,0,,6.1,1430,,,
1,031028F034,천안시 직산읍,2023-01-01,-2.3,4.5,-8.2,69.2,354.1,0.6,5.2,0,,9,1430,,,
2,031028F034,천안시 직산읍,2023-01-02,-6,-0.1,-12.3,62,21.2,0.7,5.7,0,,9.4,1430,,,
3,031028F034,천안시 직산읍,2023-01-03,-7,1.3,-14.3,67.5,26.8,0.4,5.6,0,,9.9,1430,,,
4,031028F034,천안시 직산읍,2023-01-04,-4,4.2,-11.6,72.7,357.6,0.5,5.2,0,,8.5,1430,,,
5,031028F034,천안시 직산읍,2023-01-05,-4.3,3.1,-10.8,79.4,,0,1.5,0,,5.1,1430,,,
6,031028F034,천안시 직산읍,2023-01-06,-0.9,6.4,-9.8,78.7,236.5,0.7,5.8,4,,7.6,1430,,,
7,031028F034,천안시 직산읍,2023-01-07,1.5,4.5,-5.6,81.9,0.5,1.2,6.7,0.5,,6,1430,,,
8,031028F034,천안시 직산읍,2023-01-08,-1.2,6.7,-7.2,80.8,214.2,0.3,4,0,,8.4,1430,,,
9,031028F034,천안시 직산읍,2023-01-09,1.7,7.5,-3.6,74.1,343.8,0.5,6.4,0,,6.7,1430,,,
10,031028F034,천안시 직산읍,2023-01-10,-2.1,8,-8.6,78.6,329.3,0.2,3.5,0,,9.6,1430,,,
11,031028F034,천안시 직산읍,2023-01-11,-1.5,9,-7.8,78.5,342.9,0.1,3,0,,8.9,1430,,,
12,031028F034,천안시 직산읍,2023-01-12,1.7,13.7,-6.7,73.6,152.8,0.2,2.6,0,,9.3,1430,,,
13,031028F034,천안시 직산읍,2023-01-13,9,13.2,3.2,95.6,239.9,0.8,5.5,17.5,,2,1430,,,
14,031028F034,천안시 직산읍,2023-01-14,5.3,7.1,3.3,99.7,1.7,0.3,4.7,4.5,,1.3,1430,,,
15,031028F034,천안시 직산읍,2023-01-15,-0.2,3.7,-3.4,94.4,340.1,1.2,5.2,2,,1,1430,,,
16,031028F034,천안시 직산읍,2023-01-16,-4.5,-1.3,-9.8,72.9,22.5,1.3,5.1,0.5,,11,1430,,,
17,031028F034,천안시 직산읍,2023-01-17,-4.2,1.2,-9.9,74.5,75.6,0.2,2.8,0.5,,7.3,1430,,,
18,031028F034,천안시 직산읍,2023-01-18,-2.6,2.8,-8.2,75.7,337.5,0.4,5,0,,9.6,1430,,,
19,031028F034,천안시 직산읍,2023-01-19,-0.9,5.9,-9.2,67.4,268.3,1,9.1,1,,9.6,1310,,,
20,031028F034,천안시 직산읍,2023-01-20,-1.7,4.1,-9.9,60.1,15.5,1.9,9.1,1,,10.8,1430,,,
21,031028F034,천안시 직산읍,2023-01-21,-5.5,0.9,-11.7,70.7,93.3,0.2,3.7,0,,11.5,1430,,,
22,031028F034,천안시 직산읍,2023-01-22,-1.4,3.1,-5.4,70.8,208,0.4,5.5,0,,4.1,1430,,,
23,031028F034,천안시 직산읍,2023-01-23,-0.7,5.8,-5.1,74.9,18.2,1.1,6.8,0,,8.3,1430,,,
24,031028F034,천안시 직산읍,2023-01-24,-11.9,-5,-16.2,56.8,37.4,3,12,0,,10.9,1430,,,
25,031028F034,천안시 직산읍,2023-01-25,-12.7,-6.1,-19.1,57.6,248.1,0,4.4,0,,11.7,1430,,,
26,031028F034,천안시 직산읍,2023-01-26,-6.2,-3.7,-10.6,78.5,218.4,0.1,4.1,0,,2.2,1430,,,
27,031028F034,천안시 직산읍,2023-01-27,-8.6,-3.5,-15.5,64.5,34.8,1.4,8.8,0,,10.7,1430,,,
28,031028F034,천안시 직산읍,2023-01-28,-7.5,-0.1,-16.8,68.2,344.1,0.3,5.3,0,,11.1,1430,,,
29,031028F034,천안시 직산읍,2023-01-29,-2.1,6.1,-12.1,68.3,298,1.2,8.6,0,,9.2,1430,,,
30,031028F034,천안시 직산읍,2023-01-30,-2.7,4.1,-8.9,63.7,12.3,0.7,6.3,0,,12.2,1430,,,
31,031028F034,천안시 직산읍,2023-01-31,1.3,10.6,-9.2,66.8,268.3,1,6.8,0,,10.5,1430,,,
32,031028F034,천안시 직산읍,2023-02-01,1.4,5.7,-4.8,73.9,8,1.2,8,0,,10.8,1430,,,
33,031028F034,천안시 직산읍,2023-02-02,-3.5,1.3,-7.6,65.2,358.8,0.5,5,0,,9.2,1430,,,
34,031028F034,천안시 직산읍,2023-02-03,-3.1,2.5,-8.4,63.3,353.6,0.5,5,0,,9,1430,,,
35,031028F034,천안시 직산읍,2023-02-04,-3.1,5.8,-10.5,72.2,16.2,0.5,5.4,0,,11.3,1430,,,
36,031028F034,천안시 직산읍,2023-02-05,-2,8.1,-9.8,76.6,322,0.5,5.2,0,,10.9,1430,,,
37,031028F034,천안시 직산읍,2023-02-06,-0.3,9.4,-8.5,75.1,89.9,0.1,3.5,0,,9.8,1430,,,
38,031028F034,천안시 직산읍,2023-02-07,-0.6,7.5,-6.9,82.1,1.9,0.3,3.8,0,,8,1430,,,
39,031028F034,천안시 직산읍,2023-02-08,-1.5,7,-7.7,74.4,350.8,0.6,5.2,0,,12.3,1430,,,
40,031028F034,천안시 직산읍,2023-02-09,1.4,11.1,-9,65,206.8,0.9,6.6,0.5,,10.3,1430,,,
41,031028F034,천안시 직산읍,2023-02-10,2.9,7.4,-3.7,89.5,351.2,0.4,5,0.5,,5.5,1430,,,
42,031028F034,천안시 직산읍,2023-02-11,-0.2,7.6,-5.8,87.1,226.4,0,2.8,0,,8.2,1430,,,
43,031028F034,천안시 직산읍,2023-02-12,0.3,6.5,-6.8,84.1,42.1,0.1,3.3,0,,6.1,1430,,,
44,031028F034,천안시 직산읍,2023-02-13,5,10.1,1.9,72,49.5,0.7,4.3,0,,6.2,1430,,,
45,031028F034,천안시 직산읍,2023-02-14,0.3,5.3,-5.6,67.8,347.3,0.8,5.5,0,,13.2,1430,,,
46,031028F034,천안시 직산읍,2023-02-15,0.8,7.5,-6.1,66.3,161.5,0.4,5.4,0,,9.9,1430,,,
47,031028F034,천안시 직산읍,2023-02-16,1.4,5.7,-5.4,73.5,329.1,0.8,6,0,,5.4,1430,,,
48,031028F034,천안시 직산읍,2023-02-17,2.2,10.4,-5.6,71,146.7,0.1,3.6,0,,11.9,1430,,,
49,031028F034,천안시 직산읍,2023-02-18,4.9,9.7,1.5,65.5,,0,2.3,0,,3.1,1430,,,
50,031028F034,천안시 직산읍,2023-02-19,2.7,5.2,-5.1,66.6,1.6,1.5,8.6,0,,10.6,1430,,,
51,031028F034,천안시 직산읍,2023-02-20,-1.5,3.7,-6.6,59.6,17.3,1.8,9.6,0,,15.3,1430,,,
52,031028F034,천안시 직산읍,2023-02-21,-2.8,3.6,-8.2,55.1,0.4,0.6,4.7,0,,15,1430,,,
53,031028F034,천안시 직산읍,2023-02-22,-1.3,9,-10.2,68.2,4.3,0.5,5.6,0,,13.7,1430,,,
54,031028F034,천안시 직산읍,2023-02-23,0.3,8.1,-6.8,72.6,359.9,0.5,4.9,0,,13.4,1430,,,
55,031028F034,천안시 직산읍,2023-02-24,1.8,9.6,-4,69.2,21.2,1.1,8,0,,13.4,1430,,,
56,031028F034,천안시 직산읍,2023-02-25,-0.2,4.4,-5.4,55.4,350.2,1.1,6.8,0,,15.5,1430,,,
57,031028F034,천안시 직산읍,2023-02-26,-0.6,8.2,-9.1,57.8,350.4,0.6,4.4,0,,16,1430,,,
58,031028F034,천안시 직산읍,2023-02-27,0.7,12.3,-8.4,61,2.7,0.4,5.6,0,,16.1,1430,,,
59,031028F034,천안시 직산읍,2023-02-28,2,11.8,-8,69.3,18.5,0.6,5.8,0,,15.7,1430,,,
60,031028F034,천안시 직산읍,2023-03-01,4.8,8.9,-0.3,69.8,7.2,1.3,9.2,0,,9,1430,,,
61,031028F034,천안시 직산읍,2023-03-02,1,5.5,-5.7,43.7,15.1,1.6,7.1,0,,16.3,1430,,,
62,031028F034,천안시 직산읍,2023-03-03,2,11.8,-7.4,65.7,353.2,0.9,5.9,0,,15.1,1430,,,
63,031028F034,천안시 직산읍,2023-03-04,4,14.2,-2.9,75.1,351.8,0.3,3.8,0,,10.7,1430,,,
64,031028F034,천안시 직산읍,2023-03-05,4.3,16.1,-5.1,63.4,18.9,0.5,4.8,0,,14.9,1430,,,
65,031028F034,천안시 직산읍,2023-03-06,5.4,17.6,-5.8,54,306.8,0.7,5.8,0,,16.2,1430,,,
66,031028F034,천안시 직산읍,2023-03-07,9,21.3,-0.6,65.4,292.5,0.7,8.6,0,,13.6,1430,,,
67,031028F034,천안시 직산읍,2023-03-08,10.4,21.6,-0.1,67.8,337.5,0.7,13.2,0,,12.6,1430,,,
68,031028F034,천안시 직산읍,2023-03-09,11.6,18.3,1.5,74.6,11.5,1,6.3,0,,14,1430,,,
69,031028F034,천안시 직산읍,2023-03-10,10.6,24.8,-0.8,65,240.9,0.6,5.2,0,,14.2,1430,,,
70,031028F034,천안시 직산읍,2023-03-11,14,26.1,4,50.5,303.8,0.7,7,0,,13.5,1430,,,
71,031028F034,천안시 직산읍,2023-03-12,6.3,12.5,0.9,73.1,13.5,2.1,9.9,7.5,,3,1430,,,
72,031028F034,천안시 직산읍,2023-03-13,2.8,8.9,-2.3,40.1,23.6,0.9,7.4,0,,17.2,1430,,,
73,031028F034,천안시 직산읍,2023-03-14,8.1,18,-1.8,45.9,270.6,1,7.1,0,,16.8,1430,,,
74,031028F034,천안시 직산읍,2023-03-15,8.7,18.8,-0.2,69,325.9,1.9,10.1,0,,12.6,1430,,,
75,031028F034,천안시 직산읍,2023-03-16,4.5,11.2,-1.7,43.3,23.4,1.1,6.2,0,,15.7,1430,,,
76,031028F034,천안시 직산읍,2023-03-17,5.1,12.9,-3.2,52.5,58.1,0.3,8.7,0,,11.3,1430,,,
77,031028F034,천안시 직산읍,2023-03-18,6.5,12.9,0.8,54.7,1,1,7.1,0,,15.4,1430,,,
78,031028F034,천안시 직산읍,2023-03-19,5,15.7,-3.9,67.2,19.5,0.5,5.2,0,,17.1,1430,,,
79,031028F034,천안시 직산읍,2023-03-20,6.2,17.4,-2.7,61.2,15.3,0.5,5.5,0,,16.7,1430,,,
80,031028F034,천안시 직산읍,2023-03-21,9.3,21.7,-2.3,50.4,99.5,0.4,4.7,0,,17.7,1430,,,
81,031028F034,천안시 직산읍,2023-03-22,14,25.9,1.3,54.6,327.3,0.5,5.1,0,,15.4,1430,,,
82,031028F034,천안시 직산읍,2023-03-23,13.8,20.2,9,66,341,0.9,9.5,1.5,,9.2,1430,,,
83,031028F034,천안시 직산읍,2023-03-24,9.3,14.3,2.5,49.9,352.9,0.9,5,0,,11.7,1431,,,
84,031028F034,천안시 직산읍,2023-03-25,10.9,16.7,5.8,62.8,229.7,0.8,5,0,,12.3,1430,,,
85,031028F034,천안시 직산읍,2023-03-26,8.4,14.5,2.4,50.9,2.7,1.5,8.7,0,,18.6,1430,,,
86,031028F034,천안시 직산읍,2023-03-27,4.8,14,-4.3,57.9,14.8,0.8,6.4,0,,18.7,1430,,,
87,031028F034,천안시 직산읍,2023-03-28,5.7,16.2,-3.7,65.5,341,0.5,7.1,0,,12.6,1430,,,
88,031028F034,천안시 직산읍,2023-03-29,8.4,20.8,-1.9,62.1,32.4,0.5,5.3,0,,17.7,1430,,,
89,031028F034,천안시 직산읍,2023-03-30,10,21.6,-1.4,49.2,14.4,0.6,5.5,0,,16.1,1430,,,
90,031028F034,천안시 직산읍,2023-03-31,10.2,22.8,-1.1,55.5,11,0.6,5.3,0,,16,1430,,,
91,031028F034,천안시 직산읍,2023-04-01,13,26.4,0.7,52.1,296.5,0.5,5.4,0,,15.9,1430,,,
92,031028F034,천안시 직산읍,2023-04-02,15.7,24.7,4.3,36.7,187.6,1.2,7,0,,16.8,1430,,,
93,031028F034,천안시 직산읍,2023-04-03,15.8,25,2.2,36.4,199.1,1.3,7,0,,16.4,1430,,,
94,031028F034,천안시 직산읍,2023-04-04,16.4,23.1,10.6,43.4,209,1.3,6.1,7.5,,9.8,1430,,,
95,031028F034,천안시 직산읍,2023-04-05,13,16.4,8.8,91,240.3,1.4,7.8,13,,2.7,1430,,,
96,031028F034,천안시 직산읍,2023-04-06,9.4,11.7,7.4,90.6,281.2,0.1,5.6,2.5,,2.6,1430,,,
97,031028F034,천안시 직산읍,2023-04-07,8.1,16.3,0.9,68.8,8.8,1,8.6,0,,19,1430,,,
98,031028F034,천안시 직산읍,2023-04-08,7.5,14.8,-0.5,58.3,2.5,1.1,7.2,0,,21,1430,,,
99,031028F034,천안시 직산읍,2023-04-09,8.8,19.5,-0.7,63.3,303.9,0.7,7,0,,20.8,1430,,,
100,031028F034,천안시 직산읍,2023-04-10,11.2,21.8,-0.4,57,281.5,0.8,5.9,0,,19.4,1430,,,
101,031028F034,천안시 직산읍,2023-04-11,13.8,20.4,5.2,72.4,285.8,1.5,11.9,0.5,,4.6,1430,,,
102,031028F034,천안시 직산읍,2023-04-12,8.3,17.1,-0.6,55.9,11.8,1,8.4,0,,20.4,1430,,,
103,031028F034,천안시 직산읍,2023-04-13,10.2,21.6,-0.7,55.3,58.1,0.3,4.1,0,,15.9,1430,,,
104,031028F034,천안시 직산읍,2023-04-14,14.4,24.3,5.3,59,245.6,0.3,4.3,0,,17,1430,,,
105,031028F034,천안시 직산읍,2023-04-15,12.1,16.7,4.2,87.2,8.5,0.6,6,2,,8.6,1430,,,
106,031028F034,천안시 직산읍,2023-04-16,10.5,17.4,4.2,72.9,17.3,0.8,6.9,0,,15.2,1430,,,
107,031028F034,천안시 직산읍,2023-04-17,12,20.9,0.8,62.5,295.9,0.4,4.6,0,,18.9,1430,,,
108,031028F034,천안시 직산읍,2023-04-18,14.1,16.6,11.1,80.6,178.4,0.3,3.8,2.5,,4.4,1430,,,
109,031028F034,천안시 직산읍,2023-04-19,18.4,29.1,7.6,70.1,226.6,0.7,6.7,0,,22.2,1430,,,
110,031028F034,천안시 직산읍,2023-04-20,17.4,23.8,13.6,86.7,21.6,0.5,5.5,0,,10.1,1430,,,
111,031028F034,천안시 직산읍,2023-04-21,15.6,23.5,8.7,68.2,5.9,0.7,6.2,0,,15,1430,,,
112,031028F034,천안시 직산읍,2023-04-22,15.6,22.4,7.4,42.6,152.7,0.8,5.3,0,,18.7,1430,,,
113,031028F034,천안시 직산읍,2023-04-23,15.1,21.8,6,46.9,133.5,0.3,4.9,0,,14.8,1430,,,
114,031028F034,천안시 직산읍,2023-04-24,13.4,20.7,4.6,58.6,229.4,0.7,5.7,0,,14.3,1430,,,
115,031028F034,천안시 직산읍,2023-04-25,9.2,12.2,4.2,79.9,186.7,0.4,4.3,0.5,,6.1,1430,,,
116,031028F034,천안시 직산읍,2023-04-26,7.8,12.8,0.4,78.8,355.1,1,7.2,0,,13.2,1430,,,
117,031028F034,천안시 직산읍,2023-04-27,9.7,21.5,-1.1,73.1,346,0.5,4.5,0,,22.4,1430,,,
118,031028F034,천안시 직산읍,2023-04-28,14.1,24.4,1.8,70.2,312.6,0.6,6,0,,19.4,1430,,,
119,031028F034,천안시 직산읍,2023-04-29,13.7,18.7,9.3,86.1,327.6,1.1,6.7,1.5,,3,1430,,,
120,031028F034,천안시 직산읍,2023-04-30,12.9,20.5,3.6,67.3,301.2,1.2,7.4,0,,22.4,1430,,,
121,031028F034,천안시 직산읍,2023-05-01,12,21.3,3,68.2,0.8,0.5,5.7,0,,21.3,1430,,,
122,031028F034,천안시 직산읍,2023-05-02,14.2,26.3,1.6,59.9,324.8,0.3,3.9,0,,20.7,1430,,,
123,031028F034,천안시 직산읍,2023-05-03,17.7,27.5,7.5,62.7,302.7,0.5,5.2,0,,22,1430,,,
124,031028F034,천안시 직산읍,2023-05-04,20.4,29,11.8,69.8,216.3,1,5.6,1.5,,17.4,1430,,,
125,031028F034,천안시 직산읍,2023-05-05,19.8,22.3,17.1,92.7,230.5,1,10.4,10,,6.3,1430,,,
126,031028F034,천안시 직산읍,2023-05-06,13.8,20.2,11.9,95.2,137.8,1.8,7.3,26,,3.3,1430,,,
127,031028F034,천안시 직산읍,2023-05-07,11.4,16.2,4.5,83.9,134.1,0.7,5.9,4,,7.5,1430,,,
128,031028F034,천안시 직산읍,2023-05-08,11.7,22.6,2.3,72.2,15.3,0.3,5.1,0,,23.2,1430,,,
129,031028F034,천안시 직산읍,2023-05-09,13.6,23.8,3.5,72.8,21.9,0.3,5,0,,23.1,1430,,,
130,031028F034,천안시 직산읍,2023-05-10,15.2,26.4,5.4,69,357.6,0.2,4.3,0,,20.7,1430,,,
131,031028F034,천안시 직산읍,2023-05-11,15.8,27.9,5.3,67.2,356.1,0.4,6,0,,23.5,1430,,,
132,031028F034,천안시 직산읍,2023-05-12,16.3,25,7.6,66.4,341,0.2,4.2,0,,16.5,1430,,,
133,031028F034,천안시 직산읍,2023-05-13,16.2,24.3,7.8,71.3,15.7,0.6,5.1,0,,23.1,1430,,,
134,031028F034,천안시 직산읍,2023-05-14,16,25.4,6.3,68.7,20.5,0.4,4.9,0,,24.1,1430,,,
135,031028F034,천안시 직산읍,2023-05-15,18.4,29,6.8,67.1,264.6,0.4,4.5,0,,23.6,1430,,,
136,031028F034,천안시 직산읍,2023-05-16,20.6,32.4,11.4,66.8,290.4,0.6,6.5,0,,23.4,1430,,,
137,031028F034,천안시 직산읍,2023-05-17,20.9,31.2,10.1,68.3,302.7,0.8,7.2,0,,24.2,1429,,,
138,031028F034,천안시 직산읍,2023-05-18,19.5,25.6,14.8,79.6,219.9,0.5,6,0,,13.5,1430,,,
139,031028F034,천안시 직산읍,2023-05-19,19.2,26.9,11.6,75,153.5,0.3,3.8,0,,16.5,1430,,,
140,031028F034,천안시 직산읍,2023-05-20,19.8,28.7,11.6,75.2,311.1,0.7,6.9,0,,21.9,1430,,,
141,031028F034,천안시 직산읍,2023-05-21,18.2,23.6,13.1,74.3,346.8,0.7,5.3,0,,16.1,1430,,,
142,031028F034,천안시 직산읍,2023-05-22,18.1,24.9,12.5,73.7,119.6,0.2,4.5,1.5,,15.4,1430,,,
143,031028F034,천안시 직산읍,2023-05-23,17.4,26.3,8.9,71.4,10.2,0.3,5,0,,24,1430,,,
144,031028F034,천안시 직산읍,2023-05-24,17.8,27.5,7.5,68.5,336.9,0.3,4.4,0,,16.8,1430,,,
145,031028F034,천안시 직산읍,2023-05-25,19.7,28.3,9.2,57.6,24.7,0.6,6,0,,24,1430,,,
146,031028F034,천안시 직산읍,2023-05-26,20.3,27.6,11.8,68.1,307.3,0.4,4.1,0,,20.8,1430,,,
147,031028F034,천안시 직산읍,2023-05-27,18.9,20.7,15.4,95.4,154.2,0.2,2.5,7.5,,3.9,1430,,,
148,031028F034,천안시 직산읍,2023-05-28,19.7,21,17.8,97.3,268.2,0.2,4.3,26,,2.1,1430,,,
149,031028F034,천안시 직산읍,2023-05-29,20.8,24.5,16.8,95.3,265.3,0,2.3,9.5,,5.3,1430,,,
150,031028F034,천안시 직산읍,2023-05-30,21.4,27.9,15.3,85.9,183,0.4,4.7,0.5,,16.9,1430,,,
151,031028F034,천안시 직산읍,2023-05-31,21.4,29.3,15.2,68.6,225.3,0.5,4,0,,22,1430,,,
152,031028F034,천안시 직산읍,2023-06-01,21.4,28.4,16,79.7,350.7,0.1,3.5,0,,14.1,1430,,,
153,031028F034,천안시 직산읍,2023-06-02,19.4,24.6,13.7,82.6,8.2,0.5,4.5,0,,13.7,1430,,,
154,031028F034,천안시 직산읍,2023-06-03,19.4,27.7,11.7,70,14.3,0.6,6.8,0,,25.2,1430,,,
155,031028F034,천안시 직산읍,2023-06-04,19.7,28.5,10.7,70.4,345,0.3,5.1,0,,22.5,1430,,,
156,031028F034,천안시 직산읍,2023-06-05,19.7,27.6,12.3,75.3,358,0.7,6.2,0,,21.2,1430,,,
157,031028F034,천안시 직산읍,2023-06-06,19.2,26.9,12.1,78.6,20.4,0.4,6.2,0,,20.5,1430,,,
158,031028F034,천안시 직산읍,2023-06-07,21.6,27.2,17.6,76.8,280.6,0.3,4.6,0,,15,1430,,,
159,031028F034,천안시 직산읍,2023-06-08,20.7,24.7,16.7,82.1,10.4,0.3,4.5,0,,10.1,1430,,,
160,031028F034,천안시 직산읍,2023-06-09,22.1,29.5,15.7,70.7,294.6,0.1,4.6,1,,23.9,1430,,,
161,031028F034,천안시 직산읍,2023-06-10,22.6,29.6,16.6,73.9,7.6,0.1,6,0,,16.8,1430,,,
162,031028F034,천안시 직산읍,2023-06-11,22,28.3,16.1,80.1,15.6,0.1,5.5,11.5,,18.5,1430,,,
163,031028F034,천안시 직산읍,2023-06-12,21.4,29,14.5,76.5,18.2,0.1,4.8,0,,21.2,1430,,,
164,031028F034,천안시 직산읍,2023-06-13,21.1,27.9,15,76.1,27.7,0.3,5.4,0,,22,1430,,,
165,031028F034,천안시 직산읍,2023-06-14,20.5,27.8,13.5,76.4,22.9,0.2,4.7,0,,22.5,1430,,,
166,031028F034,천안시 직산읍,2023-06-15,20.7,28.3,13,76.3,10.2,0.3,4.3,0,,21.4,1430,,,
167,031028F034,천안시 직산읍,2023-06-16,21.4,30.4,13,73.7,355.3,0.4,4.6,0,,24.3,1430,,,
168,031028F034,천안시 직산읍,2023-06-17,21.6,31.5,12.6,68.9,1.2,0.4,4.3,0,,22.7,1430,,,
169,031028F034,천안시 직산읍,2023-06-18,23.4,31.9,16.1,70.2,2.9,0.4,3.9,0,,24.2,1430,,,
170,031028F034,천안시 직산읍,2023-06-19,25.3,35.1,15.5,69.8,197.7,0.3,4.9,0,,21.8,1430,,,
171,031028F034,천안시 직산읍,2023-06-20,22.2,27.4,17.5,74.9,198.8,0.3,4.5,20,,8,1430,,,
172,031028F034,천안시 직산읍,2023-06-21,20.7,23.1,19.2,95.5,7.3,0.1,4.3,14,,4.9,1430,,,
173,031028F034,천안시 직산읍,2023-06-22,22.5,27.4,19.2,81.7,6.3,0.8,5.5,0.5,,22.3,1430,,,
174,031028F034,천안시 직산읍,2023-06-23,23.9,31,17.7,78.9,45.7,0.2,3.8,0,,23.2,1430,,,
175,031028F034,천안시 직산읍,2023-06-24,25,32.4,17.7,77.1,350.9,0.2,3.8,0,,22.6,1430,,,
176,031028F034,천안시 직산읍,2023-06-25,25.7,33.1,17.7,72.4,195,0.5,5,0,,20.2,1430,,,
177,031028F034,천안시 직산읍,2023-06-26,24.4,28.4,21.4,89.3,235.9,0.2,5.2,25,,7.4,1430,,,
178,031028F034,천안시 직산읍,2023-06-27,26,31.7,21.4,77,306.4,0.3,6.7,3.5,,22.5,1430,,,
179,031028F034,천안시 직산읍,2023-06-28,25.4,30.5,21,80.6,247,0.1,5.6,0,,14.6,1430,,,
180,031028F034,천안시 직산읍,2023-06-29,24.6,25.5,23.4,94.1,279.9,0.3,5.7,46,,2.5,1430,,,
181,031028F034,천안시 직산읍,2023-06-30,25.8,30.7,23.3,88.2,331.9,0,3.4,0,,12.9,1430,,,
182,031028F034,천안시 직산읍,2023-07-01,26.5,32.7,20.4,82.9,357.7,0.2,3.8,0,,21.1,1430,,,
183,031028F034,천안시 직산읍,2023-07-02,25.9,31.5,21.1,86.2,10,0,2.8,0,,16.5,1430,,,
184,031028F034,천안시 직산읍,2023-07-03,27,34.3,20.4,82.2,247,0.3,4.1,0,,22.2,1430,,,
185,031028F034,천안시 직산읍,2023-07-04,24.7,28,22.8,94.5,236,0.5,5.7,50,,4.6,1430,,,
186,031028F034,천안시 직산읍,2023-07-05,24.2,29.7,20.2,86.7,310.9,0.7,5.9,24.5,,13.1,1430,,,
187,031028F034,천안시 직산읍,2023-07-06,25.8,33.1,19.9,79.9,290.9,0.3,4.9,0,,21.2,1430,,,
188,031028F034,천안시 직산읍,2023-07-07,22.9,28.5,20.5,88.3,202.1,0.2,5.5,2,,7.9,1430,,,
189,031028F034,천안시 직산읍,2023-07-08,24.8,31.4,20.7,87.9,237.3,0,4.4,0,,13.5,1430,,,
190,031028F034,천안시 직산읍,2023-07-09,25.2,31.1,21.7,91.3,273.4,0.1,5.5,11,,10.3,1430,,,
191,031028F034,천안시 직산읍,2023-07-10,26.4,33,21.6,84.4,276.3,0.4,5,0.5,,20.8,1430,,,
192,031028F034,천안시 직산읍,2023-07-11,24.3,27.5,21.8,93.7,290.7,0.2,6.2,24.5,,7.4,1430,,,
193,031028F034,천안시 직산읍,2023-07-12,26.2,31.4,22.3,89.2,13.4,0,3.8,0,,14.2,1430,,,
194,031028F034,천안시 직산읍,2023-07-13,25.2,26.6,24.1,96.7,237.4,0.2,5.3,37,,3.5,1430,,,
195,031028F034,천안시 직산읍,2023-07-14,25,25.6,24.3,97.5,271.7,0.7,6.6,172.5,,2.1,1430,,,
196,031028F034,천안시 직산읍,2023-07-15,24.1,25.2,22.8,96.4,253.1,0.3,4.1,44,,4.1,1429,,,
197,031028F034,천안시 직산읍,2023-07-16,24.7,28.3,22.4,91.7,268.3,0,3.1,1,,8.1,1430,,,
198,031028F034,천안시 직산읍,2023-07-17,25.4,29.5,23.1,93.4,358.9,0,4.2,51.5,,9.1,1430,,,
199,031028F034,천안시 직산읍,2023-07-18,23.9,25.6,21,97.9,167.7,0,3.1,17.5,,4.2,1430,,,
200,031028F034,천안시 직산읍,2023-07-19,25.2,32.1,20.2,86.1,327.2,0,3.1,0,,19.3,1430,,,
201,031028F034,천안시 직산읍,2023-07-20,25.8,32.7,19.5,82.9,3.7,0,3.1,0,,21.9,1430,,,
202,031028F034,천안시 직산읍,2023-07-21,27.4,35.2,20.1,81.4,331.5,0,4,0,,22.2,1430,,,
203,031028F034,천안시 직산읍,2023-07-22,25.7,31.2,22.2,85.7,227,0.6,5.9,6.5,,14.5,1430,,,
204,031028F034,천안시 직산읍,2023-07-23,24.9,25.7,24,95.5,243,0.1,5.1,47,,2.7,1430,,,
205,031028F034,천안시 직산읍,2023-07-24,26.5,31.1,24.1,90.4,354,0.1,3.7,0.5,,12.9,1430,,,
206,031028F034,천안시 직산읍,2023-07-25,27.1,31.9,23.4,86.6,280.1,0.4,4.7,0,,15.5,1430,,,
207,031028F034,천안시 직산읍,2023-07-26,26.3,32.8,23.3,89.8,248.2,0.2,4.1,18.5,,13.5,1430,,,
208,031028F034,천안시 직산읍,2023-07-27,27.1,33.4,22.1,87.4,266.4,0.1,3.9,16.5,,19.4,1430,,,
209,031028F034,천안시 직산읍,2023-07-28,28.3,34.7,23.1,83,346.2,0.2,3.3,0,,21.3,1430,,,
210,031028F034,천안시 직산읍,2023-07-29,28.4,34.5,23.3,82.8,1.5,0.2,3.8,0,,20.9,1430,,,
211,031028F034,천안시 직산읍,2023-07-30,27.2,34.5,23.5,87.8,337.7,0.1,4.7,9.5,,14.9,1430,,,
212,031028F034,천안시 직산읍,2023-07-31,27.8,32.7,23.8,82.5,15.4,0.1,3,0,,16.8,1430,,,
213,031028F034,천안시 직산읍,2023-08-01,28.7,36,23,82,258.2,0.1,3,0,,20,1430,,,
214,031028F034,천안시 직산읍,2023-08-02,28.1,34.6,23.3,79.8,11.6,0.3,3.7,0,,19.6,1430,,,
215,031028F034,천안시 직산읍,2023-08-03,27.9,34.7,21.7,78.6,7.2,0.2,3.8,0,,22.1,1430,,,
216,031028F034,천안시 직산읍,2023-08-04,28.9,35.5,23.5,79,5,0.2,3.3,0,,21.3,1430,,,
217,031028F034,천안시 직산읍,2023-08-05,28.9,35.1,24.1,78.1,356.2,0.3,4.2,0,,23.2,1430,,,
218,031028F034,천안시 직산읍,2023-08-06,29.3,36.6,23.4,80.1,359,0.2,4.1,0,,20.4,1430,,,
219,031028F034,천안시 직산읍,2023-08-07,29.3,35.8,24.4,81.1,158.7,0.3,5.2,0,,20.4,1430,,,
220,031028F034,천안시 직산읍,2023-08-08,29.5,35.2,24.3,78.3,140.9,0.5,4.2,0,,21.2,1430,,,
221,031028F034,천안시 직산읍,2023-08-09,27.3,31.9,23.2,81.7,142.8,0.8,4.4,4,,12.7,1430,,,
222,031028F034,천안시 직산읍,2023-08-10,21.9,23.3,21,98.2,34.4,1,6.8,185,,1.9,1429,,,
223,031028F034,천안시 직산읍,2023-08-11,24.6,28.7,22,92.5,269.3,0.7,6.1,14,,7.9,1430,,,
224,031028F034,천안시 직산읍,2023-08-12,24.4,29.8,20.7,89.4,236.8,0.2,5,7,,10.9,1430,,,
225,031028F034,천안시 직산읍,2023-08-13,26.5,32.4,22.1,86.3,225.3,0,3.2,0,,15.7,1430,,,
226,031028F034,천안시 직산읍,2023-08-14,27.1,34,22.1,85,319.7,0,3.7,0,,17.1,1430,,,
227,031028F034,천안시 직산읍,2023-08-15,27.2,33.2,22.5,83.9,1,0.2,4.1,0,,20.9,1430,,,
228,031028F034,천안시 직산읍,2023-08-16,26.9,32.5,22,83.2,1,0.2,4.9,0,,18.8,1430,,,
229,031028F034,천안시 직산읍,2023-08-17,26.2,33.1,20.6,83.6,355.1,0.1,3.4,0,,16.1,1430,,,
230,031028F034,천안시 직산읍,2023-08-18,27.3,34.4,23.1,83.8,353.6,0.2,4.2,0,,17.9,1430,,,
231,031028F034,천안시 직산읍,2023-08-19,27.5,33.4,23,80.5,1.9,0.3,3.9,0,,19.6,1430,,,
232,031028F034,천안시 직산읍,2023-08-20,27.6,33.2,23.8,81.4,2.9,0.2,4.5,0,,17.8,1430,,,
233,031028F034,천안시 직산읍,2023-08-21,28,34.7,23.7,84.1,273.5,0.3,4.4,0,,17.9,1429,,,
234,031028F034,천안시 직산읍,2023-08-22,27.3,32.1,24.8,84.6,261.3,0.7,5.6,4,,12.2,1430,,,
235,031028F034,천안시 직산읍,2023-08-23,25.5,29.5,23.1,94,258.9,0.3,4.7,16.5,,6,1430,,,
236,031028F034,천안시 직산읍,2023-08-24,25.7,30.4,23.4,94.3,130.8,0.2,3.1,47,,9.5,1430,,,
237,031028F034,천안시 직산읍,2023-08-25,25.7,30.3,21.2,85,355.3,0.5,4.9,0,,19.4,1430,,,
238,031028F034,천안시 직산읍,2023-08-26,24.4,30.4,19.8,85.1,20.2,0.1,3.5,0.5,,15.6,1430,,,
239,031028F034,천안시 직산읍,2023-08-27,24.7,30.2,19.4,89.3,111.4,0.1,2.7,0,,12.6,1430,,,
240,031028F034,천안시 직산읍,2023-08-28,24.5,27.7,21.8,87.7,178.6,0.3,4.8,1.5,,5.3,1430,,,
241,031028F034,천안시 직산읍,2023-08-29,24.5,28.8,21.4,90.1,246.2,0.6,4.9,6,,4.5,1430,,,
242,031028F034,천안시 직산읍,2023-08-30,22,24.5,20.5,96.3,316.6,0,1.9,11,,3.8,1430,,,
243,031028F034,천안시 직산읍,2023-08-31,22.7,28.3,19.1,87.7,327.3,0,2.1,0,,13.3,1430,,,
244,031028F034,천안시 직산읍,2023-09-01,22.6,29.9,17.1,83.4,56.4,0,3.8,0,,19.2,1430,,,
245,031028F034,천안시 직산읍,2023-09-02,23.3,30.7,16.4,85.8,112.3,0,3.5,0,,19.4,1430,,,
246,031028F034,천안시 직산읍,2023-09-03,25.9,31.9,22.6,88.5,174.1,0.1,3.8,1,,13.9,1430,,,
247,031028F034,천안시 직산읍,2023-09-04,26.4,30.6,15.5,90.1,,0,6.4,0,,9.6,1430,,,
248,031028F034,천안시 직산읍,2023-09-05,26.5,32,23.3,85.1,,0,2.5,0,,15.1,1430,,,
249,031028F034,천안시 직산읍,2023-09-06,25.6,31.6,21.1,84.8,,0,3.7,0,,17.2,1430,,,
250,031028F034,천안시 직산읍,2023-09-07,22.7,30.4,16.2,81.1,139.2,0.2,3.7,0,,19,1430,,,
251,031028F034,천안시 직산읍,2023-09-08,21.8,29.2,14.9,81.1,93.7,0.2,3.8,0,,18.7,1430,,,
252,031028F034,천안시 직산읍,2023-09-09,22.9,30.7,16.4,83.4,9.3,0.2,2.8,0,,18,1430,,,
253,031028F034,천안시 직산읍,2023-09-10,23.3,31.6,17.6,83.6,320.2,0.3,3.7,0,,16.6,1430,,,
254,031028F034,천안시 직산읍,2023-09-11,23.5,30.8,18.4,82.7,358.8,0.3,3.6,0,,17.1,1430,,,
255,031028F034,천안시 직산읍,2023-09-12,23.8,30.3,18.8,83.9,40.4,0.2,2.5,0,,14.9,1430,,,
256,031028F034,천안시 직산읍,2023-09-13,20.8,23,19.4,97.2,130.8,0.2,4.2,40,,2.3,1430,,,
257,031028F034,천안시 직산읍,2023-09-14,21.9,25.9,19.4,92.6,139.4,0.4,4.2,1.5,,7.5,1430,,,
258,031028F034,천안시 직산읍,2023-09-15,21.8,23.6,19.9,96.6,140.9,0.3,2.9,20.5,,4.6,1430,,,
259,031028F034,천안시 직산읍,2023-09-16,23.7,28.7,21.7,94.9,238.8,0.1,3.4,11.5,,6.7,1430,,,
260,031028F034,천안시 직산읍,2023-09-17,24.4,29.6,20.6,89.4,259.1,0.1,2.9,0.5,,12.5,1430,,,
261,031028F034,천안시 직산읍,2023-09-18,23.7,29.9,19,89.9,288.8,0.1,4.6,10.5,,15,1430,,,
262,031028F034,천안시 직산읍,2023-09-19,22.5,28.2,17.1,89.8,,0,2,0.5,,10.9,1430,,,
263,031028F034,천안시 직산읍,2023-09-20,20.7,22.5,18.5,98.6,136.4,0.7,6.3,89,,1.4,1430,,,
264,031028F034,천안시 직산읍,2023-09-21,18.6,22.3,13.5,88.6,135.5,0.2,4.1,0.5,,8,1430,,,
265,031028F034,천안시 직산읍,2023-09-22,17.5,25.2,11.1,86.7,53,0,4.8,0,,15.7,1430,,,
266,031028F034,천안시 직산읍,2023-09-23,18.4,26.1,13.6,87.6,156.8,0.1,4.2,0,,13.4,1430,,,
267,031028F034,천안시 직산읍,2023-09-24,18.7,24.9,12.5,80.9,171,0.3,3.7,0,,15.6,1430,,,
268,031028F034,천안시 직산읍,2023-09-25,20.8,27.6,16.6,85.7,203.3,0.2,4,8.5,,12.4,1430,,,
269,031028F034,천안시 직산읍,2023-09-26,20.7,22.7,19,97.7,204.6,0.4,3.3,30,,3,1430,,,
270,031028F034,천안시 직산읍,2023-09-27,21.8,24.1,20.1,93.9,325.1,0.5,4.2,5.5,,4.7,1430,,,
271,031028F034,천안시 직산읍,2023-09-28,21.6,27.1,17.2,87.6,2.5,0.4,4,0,,13,1430,,,
272,031028F034,천안시 직산읍,2023-09-29,19.4,25.6,16.1,87.8,338.3,0.1,2.1,0,,9.5,1430,,,
273,031028F034,천안시 직산읍,2023-09-30,18.6,22.9,14.7,86.7,270,0.7,4.2,2.5,,9.3,1430,,,
274,031028F034,천안시 직산읍,2023-10-01,16.1,23.4,10.3,78.8,44.6,0.4,4.9,0,,16.1,1430,,,
275,031028F034,천안시 직산읍,2023-10-02,14.5,24.3,8,82.9,55.9,0,4.1,0,,15.4,1430,,,
276,031028F034,천안시 직산읍,2023-10-03,13.8,22.1,8.7,91.3,228,0,3.5,0,,7,1430,,,
277,031028F034,천안시 직산읍,2023-10-04,16.8,24.4,8.7,81.5,351.8,0.5,5.5,0,,13.3,1430,,,
278,031028F034,천안시 직산읍,2023-10-05,13.6,18.7,7.9,56.2,26.5,1,6.4,0,,15.4,1430,,,
279,031028F034,천안시 직산읍,2023-10-06,12.5,20.8,5.4,79.4,25.3,0.1,3.7,3.5,,13.9,1430,,,
280,031028F034,천안시 직산읍,2023-10-07,13.6,20.5,7.3,87.5,159.8,0.2,3.4,1,,8.7,1430,,,
281,031028F034,천안시 직산읍,2023-10-08,15.6,20.3,11.6,88.5,149.8,0.3,3.6,0,,6.5,1430,,,
282,031028F034,천안시 직산읍,2023-10-09,15.7,22.8,10.9,85.5,12.6,0.2,3.6,0,,10.6,1430,,,
283,031028F034,천안시 직산읍,2023-10-10,14.3,22.6,7.7,86.2,86.6,0.2,3,0,,13.6,1430,,,
284,031028F034,천안시 직산읍,2023-10-11,13.7,23.8,8,85.3,196.2,0.2,3.7,0.5,,12.8,1430,,,
285,031028F034,천안시 직산읍,2023-10-12,13.7,23.6,6,84.3,131.4,0.2,3.5,0,,13,1430,,,
286,031028F034,천안시 직산읍,2023-10-13,14.4,21.9,9.7,87,135.1,0.1,2.1,0,,8.3,1430,,,
287,031028F034,천안시 직산읍,2023-10-14,13.2,21.7,8.7,92.3,64.6,0.2,4.9,1,,7.9,1430,,,
288,031028F034,천안시 직산읍,2023-10-15,13.3,21.4,7.2,88.6,23.1,0.4,5.2,0.5,,11.8,1430,,,
289,031028F034,천안시 직산읍,2023-10-16,12.3,19.5,4.4,80.5,10.5,0.5,5.4,0,,13.7,1430,,,
290,031028F034,천안시 직산읍,2023-10-17,10,20.8,1.3,81.6,14.5,0.2,3.2,0,,13.8,1430,,,
291,031028F034,천안시 직산읍,2023-10-18,12,22.6,3.5,84.7,278.4,0.4,3.9,0,,11.6,1430,,,
292,031028F034,천안시 직산읍,2023-10-19,14.1,16.9,8.5,97.2,258.2,0.4,4.4,15,,2.2,1430,,,
293,031028F034,천안시 직산읍,2023-10-20,11.4,15.8,2.9,66.8,34.6,1.2,7.4,1.5,,12.8,1430,,,
294,031028F034,천안시 직산읍,2023-10-21,7.8,17.6,0.3,79.7,8.8,0.7,6.7,1,,11.9,1430,,,
295,031028F034,천안시 직산읍,2023-10-22,9.4,19.1,-0.2,82.9,297.3,0.3,3.5,0,,11.2,1430,,,
296,031028F034,천안시 직산읍,2023-10-23,12.4,21.4,6.4,86.8,61.8,0.2,4.1,0,,10.1,1430,,,
297,031028F034,천안시 직산읍,2023-10-24,11.6,18.5,6,93.7,230.9,0.1,3.6,0.5,,4.3,1430,,,
298,031028F034,천안시 직산읍,2023-10-25,12.9,22.2,6.2,89,254,0.1,2.9,0,,10.7,1430,,,
299,031028F034,천안시 직산읍,2023-10-26,16.8,23.1,8.4,85.8,290.8,0.6,4.3,0,,9.5,1430,,,
300,031028F034,천안시 직산읍,2023-10-27,13.3,19.4,7.3,82.4,354.4,0.4,3.5,0,,7.3,1430,,,
301,031028F034,천안시 직산읍,2023-10-28,10.8,20.2,4,84.6,1.9,0.2,3.4,0,,11.4,1430,,,
302,031028F034,천안시 직산읍,2023-10-29,10.3,21.3,2.1,84.5,183.5,0.3,3.9,0,,11.6,1430,,,
303,031028F034,천안시 직산읍,2023-10-30,11.5,21.5,3.8,86.1,27,0.2,3.2,0,,11,1430,,,
304,031028F034,천안시 직산읍,2023-10-31,14,21.5,8.1,84.8,313.5,0.3,3.6,0,,10.5,1430,,,
305,031028F034,천안시 직산읍,2023-11-01,17.5,23.4,10.4,85.4,278.4,0.7,5.7,0,,5.3,1430,,,
306,031028F034,천안시 직산읍,2023-11-02,17.6,27.3,7.9,75.8,276.5,0.7,5.4,0,,11,1430,,,
307,031028F034,천안시 직산읍,2023-11-03,18,24.9,7.7,83.9,277,0.8,5.4,0,,8.2,1430,,,
308,031028F034,천안시 직산읍,2023-11-04,17.5,21.8,13.2,89.8,148.7,0.2,8.8,0,,4,1430,,,
309,031028F034,천안시 직산읍,2023-11-05,17.8,23.5,12.6,88.4,211.9,1,6.6,16.5,,4.4,1430,,,
310,031028F034,천안시 직산읍,2023-11-06,15.7,20.7,7.2,75.6,299,2.4,10.3,26.5,,7.7,1430,,,
311,031028F034,천안시 직산읍,2023-11-07,6.2,10.3,-0.5,73.6,29.4,1.4,7.8,2,,12,1430,,,
312,031028F034,천안시 직산읍,2023-11-08,5.2,16.3,-2.2,81,95.6,0.3,3.7,0,,11.5,1430,,,
313,031028F034,천안시 직산읍,2023-11-09,11.1,21.4,0.8,81,269.5,0.8,4.3,6,,7.1,1430,,,
314,031028F034,천안시 직산읍,2023-11-10,5,11.4,-0.9,54.8,34.4,1.5,6.6,0.5,,10.9,1430,,,
315,031028F034,천안시 직산읍,2023-11-11,0.6,6.9,-4.1,70,14.8,0.6,10.8,0,,7.5,1430,,,
316,031028F034,천안시 직산읍,2023-11-12,0,5.9,-4.7,77.9,21.8,0.6,6.2,0,,7.5,1430,,,
317,031028F034,천안시 직산읍,2023-11-13,0.1,7.9,-6.7,75.6,20.1,0.7,6.3,0,,11.9,1430,,,
318,031028F034,천안시 직산읍,2023-11-14,4.1,11.7,-3.2,79.3,25.7,0.4,4.7,0,,9.5,1430,,,
319,031028F034,천안시 직산읍,2023-11-15,4.6,13.4,-1.4,83.4,62.8,0.3,3.8,0,,9.2,1430,,,
320,031028F034,천안시 직산읍,2023-11-16,5.8,8.8,-0.4,88.9,250.1,0.5,5.8,13.5,,1.2,1430,,,
321,031028F034,천안시 직산읍,2023-11-17,2.5,7.3,-1.5,75.8,28.3,0.9,6.3,2,,4.8,1430,,,
322,031028F034,천안시 직산읍,2023-11-18,1.2,6.9,-3.1,67.9,42,1.6,8.4,0.5,,8.5,1430,,,
323,031028F034,천안시 직산읍,2023-11-19,6.6,15.6,-3,77.5,289.4,1.1,7.7,0,,7.9,1430,,,
324,031028F034,천안시 직산읍,2023-11-20,3,12.1,-3.6,75.1,349.4,0.4,3.5,0,,10.5,1430,,,
325,031028F034,천안시 직산읍,2023-11-21,2.8,14.8,-4.9,76.7,102.9,0.3,3.6,0,,10.1,1430,,,
326,031028F034,천안시 직산읍,2023-11-22,5.4,15.5,-4.3,82.1,160.2,0.4,3.7,0,,9.5,1430,,,
327,031028F034,천안시 직산읍,2023-11-23,11.2,16,3.6,70.4,1.6,1.6,8.3,0,,8.1,1430,,,
328,031028F034,천안시 직산읍,2023-11-24,0.5,3.8,-4.4,56.4,41.4,2.2,8.6,0,,10.3,1430,,,
329,031028F034,천안시 직산읍,2023-11-25,-3.3,3.5,-9.1,63.3,48.3,0.5,4,0,,10.4,1430,,,
330,031028F034,천안시 직산읍,2023-11-26,2.9,8.3,-4.6,63.4,218.8,0.4,4.1,0,,5.3,1430,,,
331,031028F034,천안시 직산읍,2023-11-27,6.7,10.1,4,86.4,306.3,0.7,6.8,3,,2.2,1430,,,
332,031028F034,천안시 직산읍,2023-11-28,2,6.6,-2.8,74.6,25.6,1.2,7,0.5,,8,1430,,,
333,031028F034,천안시 직산읍,2023-11-29,0.6,6.6,-5.8,77.6,26,1.1,7.3,1.5,,6.1,1430,,,
334,031028F034,천안시 직산읍,2023-11-30,-2.7,0.7,-6.7,56.8,40.8,1.4,6.3,0,,9.3,1430,,,
335,031028F034,천안시 직산읍,2023-12-01,-3.2,2.4,-9.3,68.5,35.1,0.8,7.5,0,,9.6,1430,,,
336,031028F034,천안시 직산읍,2023-12-02,2,9.7,-7.9,69.1,278.2,1,6.6,0,,6,1430,,,
337,031028F034,천안시 직산읍,2023-12-03,-0.1,6.7,-6.6,67,17.3,0.6,5.9,0,,8.9,1430,,,
338,031028F034,천안시 직산읍,2023-12-04,-1.3,9,-8.6,79.3,58.1,0.2,3.5,0,,9.2,1430,,,
339,031028F034,천안시 직산읍,2023-12-05,1.4,11.7,-4.7,79.7,147.6,0.3,2.9,0,,6,1430,,,
340,031028F034,천안시 직산읍,2023-12-06,5.3,11.6,-3,83.2,283.3,1.2,6.9,2,,3.3,1430,,,
341,031028F034,천안시 직산읍,2023-12-07,5.7,12.6,-3.5,65.9,291.8,1.4,7.7,0,,8,1430,,,
342,031028F034,천안시 직산읍,2023-12-08,11.9,19.8,2.9,62.4,261.1,1.7,8.1,0,,7.6,1430,,,
343,031028F034,천안시 직산읍,2023-12-09,11.6,20.3,4,86.3,289.2,0.5,5.2,0,,6.5,1430,,,
344,031028F034,천안시 직산읍,2023-12-10,11.3,17.4,7.3,85.7,352.5,0.3,2.9,0,,5.6,1430,,,
345,031028F034,천안시 직산읍,2023-12-11,10.4,13,6.3,89.3,122.1,1.3,7,26,,0.9,1430,,,
346,031028F034,천안시 직산읍,2023-12-12,5.3,9.7,-0.8,81.5,113.8,1.3,8.2,0,,4.4,1430,,,
347,031028F034,천안시 직산읍,2023-12-13,6.2,12.5,-1.3,84.5,135.4,0.3,3.4,0,,5.5,1430,,,
348,031028F034,천안시 직산읍,2023-12-14,8.7,10.2,7,90.9,145.3,0.7,3.8,23.5,,1.2,1430,,,
349,031028F034,천안시 직산읍,2023-12-15,7,9.8,5.3,98.8,91,0.8,6.9,33.5,,0.7,1430,,,
350,031028F034,천안시 직산읍,2023-12-16,-2,5.3,-8.1,88.1,13.8,2.4,9.7,3,,2.6,1430,,,
351,031028F034,천안시 직산읍,2023-12-17,-9.7,-5.9,-15.1,61,49.7,1,6,0,,8.9,1430,,,
352,031028F034,천안시 직산읍,2023-12-18,-9.3,-4.4,-16.3,72.7,101.9,0,2.2,0,,6.3,1430,,,
353,031028F034,천안시 직산읍,2023-12-19,-4.1,1.6,-10.9,75.1,156.6,0,2.6,1.5,,6.1,1430,,,
354,031028F034,천안시 직산읍,2023-12-20,-5.8,-1.5,-10.5,71,45.1,1.6,6.5,0,,4.8,1430,,,
355,031028F034,천안시 직산읍,2023-12-21,-10.3,-7.2,-13.9,63.2,46.2,1.3,6.2,0,,9,1430,,,
356,031028F034,천안시 직산읍,2023-12-22,-12,-6.7,-18,66.7,45.5,0.9,5.1,0,,9.1,1430,,,
357,031028F034,천안시 직산읍,2023-12-23,-8.8,-1.8,-17.2,69.5,126.4,0.2,2.3,0.5,,8.7,1430,,,
358,031028F034,천안시 직산읍,2023-12-24,-2.8,2.5,-7.3,77.7,90.7,0.3,3.1,1,,8,1430,,,
359,031028F034,천안시 직산읍,2023-12-25,-2,2.9,-6.7,90.3,301.1,0.4,5.5,1,,4.1,1430,,,
360,031028F034,천안시 직산읍,2023-12-26,0.5,8,-4.2,84.4,339.1,0.4,4.2,3,,6.4,1430,,,
361,031028F034,천안시 직산읍,2023-12-27,-1.1,7.2,-6.4,88.4,94.7,0.2,2.5,0.5,,7,1430,,,
362,031028F034,천안시 직산읍,2023-12-28,-0.8,5.4,-5.5,91.2,343.2,0.2,3.2,0,,4.8,1430,,,
363,031028F034,천안시 직산읍,2023-12-29,-0.2,5.7,-5.1,86.5,60.8,0.2,3.3,0,,5.6,1430,,,
364,031028F034,천안시 직산읍,2023-12-30,-0.5,3.1,-5.7,93.8,171.1,0.2,2.2,3.5,,1.2,1430,,,
365,031028F034,천안시 직산읍,2023-12-31,3.5,5.7,1,90.7,13.9,1.1,6.9,2.5,,2.4,1430,,,
