stn_Code,stn_Name,date,temp,max_Temp,min_Temp,hum,widdir,wind,max_Wind,rain,sun_Time,sun_Qy,condens_Time,gr_Temp,soil_Temp,soil_Wt
750852A006,영주시 평은면,2024-01-01,2.0,6.5,-1.2,89.3,7.8,0.3,2.5,0.0,57.0,4.7,122.0,0.6,2.6,
750852A006,영주시 평은면,2024-01-02,2.4,7.2,-1.0,84.3,221.3,0.7,5.7,0.0,159.0,4.8,0.0,0.7,3.3,
750852A006,영주시 평은면,2024-01-03,1.6,5.9,-0.5,79.2,227.1,0.9,11.1,0.0,204.0,5.7,108.0,0.2,3.5,
750852A006,영주시 평은면,2024-01-04,-1.1,6.3,-6.5,75.4,190.3,0.8,4.7,0.0,484.0,9.1,18.0,-3.0,3.1,
750852A006,영주시 평은면,2024-01-05,1.0,8.7,-5.8,87.6,206.7,0.9,6.3,0.0,156.0,4.3,126.0,-1.2,2.8,
750852A006,영주시 평은면,2024-01-06,-0.4,6.4,-5.1,67.8,233.8,1.2,6.9,0.0,485.0,9.5,23.0,-2.7,2.8,
750852A006,영주시 평은면,2024-01-07,-2.8,0.7,-9.2,54.9,255.5,1.6,10.4,0.0,494.0,9.9,0.0,-4.7,2.5,
750852A006,영주시 평은면,2024-01-08,-6.7,1.4,-13.4,64.9,176.5,0.7,3.9,0.0,496.0,10.3,0.0,-8.1,2.2,
750852A006,영주시 평은면,2024-01-09,-3.7,-0.2,-9.5,83.4,14.2,0.5,2.8,0.0,0.0,2.8,100.0,-4.6,1.9,
750852A006,영주시 평은면,2024-01-10,0.0,6.9,-4.6,86.8,177.9,0.5,4.0,0.0,380.0,8.1,147.0,-1.1,1.9,
750852A006,영주시 평은면,2024-01-11,-1.2,4.5,-7.4,78.8,212.6,1.4,7.1,0.0,440.0,8.7,28.0,-2.6,1.9,
750852A006,영주시 평은면,2024-01-12,1.4,8.0,-4.0,58.3,272.2,1.2,6.5,0.0,493.0,9.6,0.0,-1.3,2.0,
750852A006,영주시 평은면,2024-01-13,-2.0,6.3,-9.1,58.0,61.7,0.7,4.6,0.0,497.0,10.3,0.0,-4.1,2.1,
750852A006,영주시 평은면,2024-01-14,-1.6,7.6,-9.7,83.9,166.6,0.6,5.0,0.5,254.0,6.8,408.0,-3.5,1.9,
750852A006,영주시 평은면,2024-01-15,-2.8,4.6,-8.0,76.2,202.6,0.8,7.7,0.0,502.0,9.9,46.0,-4.8,1.9,
750852A006,영주시 평은면,2024-01-16,-4.5,5.1,-11.4,70.8,128.9,0.5,3.1,0.0,471.0,9.5,0.0,-6.4,1.8,
750852A006,영주시 평은면,2024-01-17,-0.8,4.4,-8.4,77.8,219.9,0.4,3.5,2.0,24.0,4.3,295.0,-1.7,1.7,
750852A006,영주시 평은면,2024-01-18,3.6,6.3,0.8,93.8,19.4,0.5,4.9,3.5,0.0,2.3,916.0,1.8,2.0,
750852A006,영주시 평은면,2024-01-19,3.5,5.2,1.6,78.1,15.2,1.3,7.2,0.0,0.0,3.5,0.0,1.2,2.9,
750852A006,영주시 평은면,2024-01-20,3.7,6.4,1.1,83.0,12.9,1.3,6.5,3.5,0.0,2.7,625.0,1.7,3.3,
750852A006,영주시 평은면,2024-01-21,3.1,7.4,-0.2,90.5,195.8,0.5,6.0,0.0,68.0,5.2,628.0,2.2,3.7,
750852A006,영주시 평은면,2024-01-22,-3.8,2.9,-9.4,64.4,232.5,2.8,10.8,0.0,450.0,10.1,202.0,-4.4,3.6,
750852A006,영주시 평은면,2024-01-23,-9.8,-5.7,-13.6,54.9,228.2,2.2,9.9,0.0,512.0,11.1,0.0,-10.1,2.5,
750852A006,영주시 평은면,2024-01-24,-9.3,-3.8,-14.2,57.6,247.7,1.7,7.2,0.0,506.0,11.0,0.0,-9.9,1.8,
750852A006,영주시 평은면,2024-01-25,-7.8,1.0,-14.9,65.2,181.1,0.7,4.2,0.0,524.0,11.1,0.0,-8.5,1.5,
750852A006,영주시 평은면,2024-01-26,-4.2,5.5,-12.1,65.0,240.5,0.9,5.1,0.0,522.0,11.2,0.0,-5.5,1.3,
750852A006,영주시 평은면,2024-01-27,-2.2,6.8,-9.0,70.6,280.3,0.7,4.5,0.0,526.0,10.7,30.0,-3.6,1.3,
750852A006,영주시 평은면,2024-01-28,-2.3,5.0,-7.2,69.8,230.5,0.9,5.5,0.0,526.0,11.2,0.0,-3.5,1.2,
750852A006,영주시 평은면,2024-01-29,-3.7,5.6,-10.7,74.7,163.1,0.7,4.3,0.0,525.0,11.0,30.0,-4.9,1.3,
750852A006,영주시 평은면,2024-01-30,-2.6,8.7,-10.7,69.5,315.6,0.6,3.7,0.0,533.0,10.8,13.0,-4.0,1.2,
750852A006,영주시 평은면,2024-01-31,2.8,12.8,-5.6,61.8,180.5,0.7,3.4,0.0,520.0,11.1,0.0,1.6,1.2,
750852A006,영주시 평은면,2024-02-01,1.9,8.5,-3.6,68.2,31.7,1.2,6.9,0.0,53.0,6.0,0.0,0.8,1.3,
750852A006,영주시 평은면,2024-02-02,1.6,7.2,-3.2,75.5,207.5,0.6,3.8,0.0,311.0,8.7,0.0,0.8,1.7,
750852A006,영주시 평은면,2024-02-03,0.9,7.1,-5.4,88.7,66.6,0.4,5.6,0.0,39.0,5.3,443.0,-0.5,2.0,
750852A006,영주시 평은면,2024-02-04,3.2,8.5,-2.0,84.3,58.9,0.5,4.4,0.0,109.0,5.9,311.0,1.7,2.6,
750852A006,영주시 평은면,2024-02-05,2.7,6.4,-0.5,84.9,21.1,1.9,10.4,6.5,150.0,6.9,614.0,1.7,3.3,
750852A006,영주시 평은면,2024-02-06,0.7,2.5,-1.0,95.6,196.0,0.4,2.9,1.5,0.0,4.7,240.0,0.1,3.4,
750852A006,영주시 평은면,2024-02-07,0.0,5.7,-4.7,82.9,213.6,0.6,4.8,0.0,341.0,10.2,59.0,-1.4,3.2,
750852A006,영주시 평은면,2024-02-08,-1.1,6.9,-6.7,82.2,205.9,0.5,4.6,0.0,539.0,11.3,66.0,-2.0,2.9,
750852A006,영주시 평은면,2024-02-09,-0.8,7.2,-6.6,75.0,225.6,0.9,5.9,0.0,542.0,11.8,44.0,-1.9,2.8,
750852A006,영주시 평은면,2024-02-10,-1.2,5.9,-7.2,77.0,220.9,1.0,7.0,0.0,459.0,9.9,27.0,-3.0,2.6,
750852A006,영주시 평은면,2024-02-11,-1.1,5.4,-7.8,73.9,229.1,1.2,9.4,0.0,414.0,9.8,30.0,-2.9,2.3,
750852A006,영주시 평은면,2024-02-12,0.1,9.7,-6.8,71.9,180.7,0.8,5.2,0.0,558.0,12.4,28.0,-1.1,2.4,
750852A006,영주시 평은면,2024-02-13,3.3,14.8,-6.0,73.9,192.2,1.3,9.5,0.0,554.0,12.5,30.0,1.9,2.8,
750852A006,영주시 평은면,2024-02-14,6.7,15.4,0.7,90.3,177.5,0.5,4.3,0.5,221.0,6.4,381.0,5.2,3.8,
750852A006,영주시 평은면,2024-02-15,5.1,10.3,-0.3,93.9,246.9,0.7,5.7,2.5,0.0,2.3,656.0,3.6,4.6,
750852A006,영주시 평은면,2024-02-16,1.0,7.6,-4.1,77.4,234.1,0.6,4.9,0.0,459.0,11.3,2.0,0.6,4.4,
750852A006,영주시 평은면,2024-02-17,1.3,12.5,-6.8,77.3,211.8,0.6,4.6,0.0,566.0,13.6,56.0,0.5,4.0,
750852A006,영주시 평은면,2024-02-18,4.8,13.8,-5.4,83.9,220.1,0.4,4.7,10.0,353.0,10.1,473.0,3.6,4.1,
750852A006,영주시 평은면,2024-02-19,11.3,14.9,7.8,98.5,197.7,0.9,5.4,20.5,8.0,3.4,1065.0,10.5,6.1,
750852A006,영주시 평은면,2024-02-20,5.9,10.8,3.2,94.6,61.7,0.7,4.5,4.0,0.0,2.4,1180.0,5.2,6.6,
750852A006,영주시 평은면,2024-02-21,2.7,3.8,0.8,95.5,16.4,1.0,6.1,10.0,0.0,2.9,1291.0,2.0,5.7,
750852A006,영주시 평은면,2024-02-22,1.2,2.9,-0.3,79.6,21.0,1.6,12.4,4.0,0.0,4.9,912.0,0.3,4.9,
750852A006,영주시 평은면,2024-02-23,1.1,4.2,-0.5,70.9,22.9,1.6,7.2,0.0,164.0,7.3,0.0,0.6,4.8,
750852A006,영주시 평은면,2024-02-24,0.7,3.9,-2.6,76.9,17.9,0.7,4.3,0.0,7.0,5.1,50.0,0.1,4.5,
750852A006,영주시 평은면,2024-02-25,2.0,5.9,-1.0,93.7,207.7,0.4,4.5,3.0,45.0,6.3,236.0,1.5,4.5,
750852A006,영주시 평은면,2024-02-26,2.0,8.2,-2.8,80.4,38.7,0.7,5.7,0.0,262.0,9.5,101.0,1.3,4.7,
750852A006,영주시 평은면,2024-02-27,0.7,7.0,-4.9,73.2,72.2,1.0,7.3,0.0,367.0,9.5,60.0,-0.1,4.4,
750852A006,영주시 평은면,2024-02-28,1.8,10.0,-5.5,76.1,261.1,0.6,5.1,0.0,524.0,12.5,43.0,1.2,4.3,
750852A006,영주시 평은면,2024-03-01,-1.1,2.5,-6.2,48.6,231.2,2.1,10.3,0.0,604.0,15.5,50.0,-1.4,4.3,
750852A006,영주시 평은면,2024-03-02,-2.6,4.1,-10.9,51.8,193.9,2.2,10.2,0.0,598.0,15.7,0.0,-2.6,3.5,
750852A006,영주시 평은면,2024-03-03,4.3,7.9,0.1,69.0,198.1,2.8,10.5,0.0,328.0,9.8,211.0,3.3,3.7,
750852A006,영주시 평은면,2024-03-04,5.5,11.4,-2.4,64.0,141.1,1.2,6.2,0.0,504.0,12.9,25.0,4.6,4.4,
750852A006,영주시 평은면,2024-03-05,4.9,6.7,3.4,93.8,16.1,0.7,4.4,3.5,0.0,3.3,941.0,4.2,5.2,
750852A006,영주시 평은면,2024-03-06,4.6,10.3,-0.5,73.0,28.5,1.1,5.7,0.0,308.0,9.0,39.0,3.7,5.4,
750852A006,영주시 평은면,2024-03-07,2.1,6.5,-2.1,84.3,193.3,0.7,6.3,0.0,143.0,5.6,506.0,1.3,5.3,
750852A006,영주시 평은면,2024-03-08,1.4,7.6,-4.0,55.8,220.5,1.8,10.1,0.0,579.0,14.6,0.0,0.1,4.6,
750852A006,영주시 평은면,2024-03-09,-0.1,8.0,-7.1,60.1,158.4,0.9,6.0,0.0,626.0,17.4,5.0,-0.5,4.5,
750852A006,영주시 평은면,2024-03-10,1.2,11.7,-7.7,59.2,208.0,0.9,16.9,0.0,628.0,17.6,5.0,0.6,4.6,
750852A006,영주시 평은면,2024-03-11,3.4,11.1,-4.3,59.8,194.8,0.8,11.1,0.0,310.0,10.6,0.0,1.8,4.8,
750852A006,영주시 평은면,2024-03-12,2.4,10.9,-3.0,80.5,22.5,0.6,10.3,0.0,224.0,8.7,215.0,1.3,4.8,
750852A006,영주시 평은면,2024-03-13,4.0,13.3,-4.6,64.6,216.6,1.4,14.1,0.5,573.0,16.4,93.0,3.8,5.1,
750852A006,영주시 평은면,2024-03-14,5.8,16.4,-2.4,54.7,203.0,1.3,8.3,0.0,640.0,18.0,0.0,4.7,5.7,
750852A006,영주시 평은면,2024-03-15,8.4,18.6,-1.3,49.9,225.2,1.7,9.1,0.0,633.0,17.8,0.0,7.0,6.2,
750852A006,영주시 평은면,2024-03-16,9.6,19.3,-2.0,50.7,204.2,1.2,5.5,0.0,590.0,17.1,0.0,8.7,6.7,
750852A006,영주시 평은면,2024-03-17,11.5,16.4,2.7,43.2,226.1,2.4,8.5,0.0,466.0,15.4,0.0,11.4,7.8,
750852A006,영주시 평은면,2024-03-18,5.3,14.0,-3.3,53.8,193.2,1.2,19.1,0.0,618.0,18.4,24.0,4.6,7.5,
750852A006,영주시 평은면,2024-03-19,5.5,9.7,1.8,60.2,214.1,2.0,10.3,1.0,137.0,7.7,300.0,3.9,7.1,
750852A006,영주시 평은면,2024-03-20,3.0,7.7,-3.0,63.4,245.4,1.7,8.0,1.5,469.0,14.1,307.0,2.1,6.6,
750852A006,영주시 평은면,2024-03-21,2.7,11.0,-4.8,62.8,211.8,1.3,7.3,0.0,649.0,19.1,26.0,2.4,6.2,
750852A006,영주시 평은면,2024-03-22,6.7,15.6,-2.3,70.9,172.3,1.5,9.3,5.5,522.0,16.5,249.0,7.0,6.8,
750852A006,영주시 평은면,2024-03-23,12.4,20.3,5.8,71.7,206.5,1.1,6.0,2.0,638.0,18.0,524.0,12.7,8.6,
750852A006,영주시 평은면,2024-03-24,10.0,18.3,3.4,66.4,107.9,1.2,8.3,0.0,452.0,15.0,26.0,10.5,9.1,
750852A006,영주시 평은면,2024-03-25,7.3,13.2,3.0,82.2,23.5,1.4,8.1,4.5,45.0,6.8,532.0,6.9,8.8,
750852A006,영주시 평은면,2024-03-26,5.5,9.7,1.0,91.7,55.4,0.7,5.0,12.5,48.0,7.2,725.0,5.2,8.3,
750852A006,영주시 평은면,2024-03-27,6.5,14.6,-0.8,82.6,208.9,0.7,5.2,0.0,577.0,16.1,225.0,6.7,8.3,
750852A006,영주시 평은면,2024-03-28,7.3,8.6,5.4,98.0,340.6,0.5,6.9,22.0,0.0,2.9,936.0,6.5,8.5,
750852A006,영주시 평은면,2024-03-29,9.0,15.0,1.6,72.0,206.7,2.0,9.0,0.0,358.0,10.6,517.0,7.6,8.2,
750852A006,영주시 평은면,2024-03-30,7.5,16.1,-0.9,65.5,156.4,1.1,6.1,0.0,453.0,14.1,0.0,6.1,8.2,
750852A006,영주시 평은면,2024-03-31,9.2,17.8,0.0,64.2,171.7,0.9,5.3,0.0,662.0,18.2,101.0,8.6,8.5,
750852A006,영주시 평은면,2024-04-01,11.0,20.9,0.4,52.1,215.9,1.4,7.5,0.0,673.0,20.0,115.0,10.3,9.3,
750852A006,영주시 평은면,2024-04-02,13.0,24.3,1.2,54.2,203.8,1.0,7.0,0.0,642.0,18.0,63.0,12.1,9.7,
750852A006,영주시 평은면,2024-04-03,11.9,15.7,9.6,94.5,21.0,0.5,4.0,16.5,0.0,3.9,1311.0,11.1,10.5,
750852A006,영주시 평은면,2024-04-04,11.2,14.2,8.0,71.3,57.2,1.0,5.1,0.0,45.0,7.4,498.0,10.4,10.5,
750852A006,영주시 평은면,2024-04-05,10.7,17.6,4.9,72.3,196.3,1.0,10.7,0.0,517.0,16.2,0.0,10.8,10.6,
750852A006,영주시 평은면,2024-04-06,11.0,19.4,3.4,73.7,200.4,0.8,4.6,0.0,461.0,13.3,74.0,10.0,10.6,
750852A006,영주시 평은면,2024-04-07,13.3,24.1,3.5,61.0,175.5,0.9,6.4,0.0,675.0,20.3,20.0,12.9,10.9,
750852A006,영주시 평은면,2024-04-08,15.2,24.6,4.8,58.0,190.6,0.8,4.8,0.0,446.0,15.3,0.0,13.6,11.5,
750852A006,영주시 평은면,2024-04-09,11.3,17.7,2.4,47.3,43.5,2.2,8.6,0.0,458.0,16.7,0.0,11.6,11.7,
750852A006,영주시 평은면,2024-04-10,9.2,17.5,0.0,68.2,210.7,0.8,29.2,0.0,653.0,18.0,13.0,9.2,11.1,
750852A006,영주시 평은면,2024-04-11,13.1,21.4,6.8,69.4,194.7,0.7,5.4,0.0,515.0,15.0,169.0,12.6,11.5,
750852A006,영주시 평은면,2024-04-12,14.3,24.6,4.2,65.9,191.7,0.9,9.6,0.0,692.0,20.0,194.0,13.6,12.0,
750852A006,영주시 평은면,2024-04-13,17.5,27.9,5.6,56.1,151.3,1.1,8.1,0.0,695.0,20.5,206.0,16.4,12.7,
750852A006,영주시 평은면,2024-04-14,18.1,27.0,6.6,50.7,157.9,1.3,7.0,0.0,672.0,20.3,79.0,16.5,13.3,
750852A006,영주시 평은면,2024-04-15,15.0,20.5,11.6,82.7,162.9,1.0,6.6,15.0,28.0,4.3,792.0,13.4,13.3,
750852A006,영주시 평은면,2024-04-16,14.6,20.5,9.3,77.2,209.3,1.7,7.3,2.0,382.0,13.0,556.0,13.8,13.3,
750852A006,영주시 평은면,2024-04-17,14.1,22.9,5.3,69.2,130.7,1.0,9.1,0.0,654.0,20.2,84.0,13.9,13.3,
750852A006,영주시 평은면,2024-04-18,15.7,25.2,6.1,61.2,174.7,1.1,6.1,0.0,697.0,21.3,40.0,15.0,13.8,
750852A006,영주시 평은면,2024-04-19,16.2,26.3,5.7,61.1,191.6,1.0,5.3,0.0,681.0,21.1,37.0,15.5,13.9,
750852A006,영주시 평은면,2024-04-20,13.2,15.9,11.2,86.9,11.1,1.0,6.4,10.5,0.0,4.2,711.0,12.4,13.7,
750852A006,영주시 평은면,2024-04-21,14.9,19.7,12.3,80.9,19.4,1.3,7.8,0.0,123.0,8.7,536.0,14.3,13.6,
750852A006,영주시 평은면,2024-04-22,15.6,20.1,12.1,61.7,45.5,1.4,6.1,0.0,336.0,14.5,0.0,15.3,14.0,
750852A006,영주시 평은면,2024-04-23,13.8,20.3,6.7,66.8,68.0,1.6,7.6,0.5,589.0,18.6,251.0,14.2,14.0,
750852A006,영주시 평은면,2024-04-24,12.3,16.2,9.8,88.9,204.6,1.1,8.3,4.5,119.0,8.6,646.0,12.3,13.8,
750852A006,영주시 평은면,2024-04-25,14.0,23.9,6.2,74.7,187.3,1.0,6.3,0.0,717.0,21.2,11.0,13.8,13.8,
750852A006,영주시 평은면,2024-04-26,14.8,25.2,5.8,71.8,206.0,0.8,4.3,0.0,590.0,17.4,89.0,13.7,14.0,
750852A006,영주시 평은면,2024-04-27,17.3,28.8,7.1,64.1,177.7,0.9,4.8,0.0,726.0,22.6,207.0,16.1,14.3,
750852A006,영주시 평은면,2024-04-28,17.9,28.3,6.8,64.4,192.9,1.1,6.9,0.0,690.0,20.0,180.0,16.3,14.6,
750852A006,영주시 평은면,2024-04-29,14.5,17.2,12.3,87.9,174.0,0.6,2.8,1.0,0.0,6.3,470.0,13.9,14.6,
750852A006,영주시 평은면,2024-04-30,15.9,21.2,12.6,84.3,148.1,1.2,6.6,0.0,218.0,12.2,429.0,15.6,14.6,
750852A006,영주시 평은면,2024-05-01,13.6,20.0,5.8,57.0,93.3,1.3,8.0,0.0,575.0,18.6,0.0,13.3,14.6,
750852A006,영주시 평은면,2024-05-02,12.9,23.8,2.5,68.8,190.2,1.0,4.6,0.0,745.0,23.3,120.0,13.0,13.9,
750852A006,영주시 평은면,2024-05-03,16.2,27.5,5.4,63.2,201.8,1.1,5.7,0.0,746.0,23.6,345.0,15.2,14.2,
750852A006,영주시 평은면,2024-05-04,16.5,27.9,5.4,62.0,206.1,0.9,6.2,0.0,749.0,23.5,198.0,15.6,14.4,
750852A006,영주시 평은면,2024-05-05,15.8,17.6,12.8,96.6,206.3,0.8,10.0,32.0,0.0,3.2,1166.0,15.0,14.7,
750852A006,영주시 평은면,2024-05-06,16.9,20.3,13.5,84.3,196.7,2.9,9.7,6.0,469.0,17.5,412.0,16.7,15.3,
750852A006,영주시 평은면,2024-05-07,13.1,15.6,10.1,82.6,86.2,1.2,5.0,0.0,0.0,4.7,200.0,12.5,14.9,
750852A006,영주시 평은면,2024-05-08,12.5,19.6,5.1,66.6,66.0,1.2,8.6,0.5,621.0,20.5,140.0,12.0,14.1,
750852A006,영주시 평은면,2024-05-09,13.4,23.8,3.9,71.7,207.8,1.2,6.8,0.0,757.0,22.8,236.0,13.1,14.1,
750852A006,영주시 평은면,2024-05-10,16.7,26.0,7.6,64.9,191.8,1.3,7.3,0.0,719.0,22.9,85.0,15.6,14.5,
750852A006,영주시 평은면,2024-05-11,17.5,25.1,7.4,70.2,183.2,1.8,8.2,3.0,607.0,20.3,434.0,16.5,14.9,
750852A006,영주시 평은면,2024-05-12,16.9,22.4,10.0,71.1,240.7,1.2,6.2,3.5,734.0,21.4,430.0,16.2,15.6,
750852A006,영주시 평은면,2024-05-13,15.4,24.2,6.4,66.9,194.8,1.0,5.1,0.0,767.0,24.6,239.0,14.7,15.2,
750852A006,영주시 평은면,2024-05-14,16.2,26.6,6.3,67.6,215.1,0.9,5.9,0.0,769.0,24.3,188.0,15.4,15.1,
750852A006,영주시 평은면,2024-05-15,15.1,24.9,7.3,73.3,200.3,1.3,10.5,25.5,628.0,22.0,793.0,15.1,15.2,
750852A006,영주시 평은면,2024-05-16,11.7,19.7,6.4,69.0,237.5,2.0,8.4,10.0,489.0,20.4,442.0,11.5,14.5,
750852A006,영주시 평은면,2024-05-17,14.6,25.6,5.2,75.1,210.5,1.0,5.4,0.0,724.0,21.0,395.0,13.8,14.3,
750852A006,영주시 평은면,2024-05-18,17.7,27.6,8.1,69.3,199.0,1.0,5.8,0.0,772.0,24.1,572.0,16.5,15.0,
750852A006,영주시 평은면,2024-05-19,19.3,28.9,9.5,70.7,201.0,0.9,4.8,0.0,768.0,23.6,440.0,17.9,15.5,
750852A006,영주시 평은면,2024-05-20,17.2,24.5,9.7,78.5,194.5,0.8,4.5,0.0,392.0,15.3,444.0,16.0,15.7,
750852A006,영주시 평은면,2024-05-21,16.9,23.3,12.3,81.1,133.3,1.1,4.5,0.0,324.0,14.1,523.0,16.1,15.7,
750852A006,영주시 평은면,2024-05-22,18.3,28.1,9.4,75.8,206.3,0.9,5.9,0.0,736.0,22.7,511.0,17.6,15.7,
750852A006,영주시 평은면,2024-05-23,20.2,30.2,12.1,66.7,199.8,1.1,6.4,0.0,762.0,24.6,453.0,18.6,16.2,
750852A006,영주시 평은면,2024-05-24,18.3,25.7,11.0,66.9,70.7,1.0,10.1,0.0,529.0,17.0,404.0,16.9,16.2,
750852A006,영주시 평은면,2024-05-25,17.5,23.4,11.9,56.8,74.1,1.3,11.3,0.0,428.0,17.1,0.0,16.8,16.0,
750852A006,영주시 평은면,2024-05-26,17.5,26.5,9.1,74.0,207.7,1.1,6.6,32.0,506.0,19.3,386.0,17.5,15.9,
750852A006,영주시 평은면,2024-05-27,18.2,22.7,11.8,70.2,212.0,2.2,9.5,0.0,571.0,19.9,401.0,16.5,16.8,
750852A006,영주시 평은면,2024-05-28,15.6,22.8,8.7,75.7,30.6,1.5,8.9,0.0,688.0,21.6,601.0,15.5,16.3,
750852A006,영주시 평은면,2024-05-29,16.9,27.1,6.8,73.6,197.8,0.8,4.9,0.0,792.0,24.2,544.0,16.3,16.0,
750852A006,영주시 평은면,2024-05-30,18.6,25.9,12.3,76.3,199.0,0.8,7.6,0.0,256.0,14.9,475.0,17.4,16.4,
750852A006,영주시 평은면,2024-05-31,20.3,27.5,14.6,66.5,201.9,1.1,7.7,0.0,776.0,24.0,0.0,19.4,16.9,
750852A006,영주시 평은면,2024-06-01,18.2,25.4,11.7,72.8,215.1,1.1,5.4,0.0,658.0,21.3,233.0,18.1,16.9,
750852A006,영주시 평은면,2024-06-02,17.3,24.8,11.5,75.3,165.9,1.1,5.6,0.0,509.0,18.6,431.0,17.0,16.8,
750852A006,영주시 평은면,2024-06-03,17.5,25.6,11.3,74.9,87.6,0.9,7.4,0.0,572.0,20.4,312.0,17.6,16.8,
750852A006,영주시 평은면,2024-06-04,17.2,25.9,7.5,71.3,194.1,1.0,9.6,0.0,793.0,25.4,496.0,17.1,16.6,
750852A006,영주시 평은면,2024-06-05,19.6,27.9,9.8,64.7,176.1,1.0,5.7,0.0,751.0,22.5,419.0,18.2,16.7,
750852A006,영주시 평은면,2024-06-06,18.8,26.8,11.3,66.7,193.0,0.8,5.3,0.0,624.0,18.4,143.0,17.3,16.8,
750852A006,영주시 평은면,2024-06-07,20.3,28.4,10.1,64.4,174.8,0.9,4.5,0.0,599.0,20.5,412.0,18.8,16.7,
750852A006,영주시 평은면,2024-06-08,19.5,21.8,18.1,84.6,164.6,1.0,5.8,5.0,0.0,5.6,414.0,18.1,17.2,
750852A006,영주시 평은면,2024-06-09,21.7,28.1,16.3,80.5,194.1,0.9,4.5,0.0,652.0,22.0,375.0,20.6,17.7,
750852A006,영주시 평은면,2024-06-10,22.4,30.3,14.2,74.7,187.1,0.9,6.0,0.0,716.0,22.9,431.0,21.3,18.2,
750852A006,영주시 평은면,2024-06-11,23.5,32.0,15.6,68.9,191.1,0.8,4.8,0.0,774.0,23.9,168.0,22.2,18.7,
750852A006,영주시 평은면,2024-06-12,23.6,32.6,15.9,65.4,174.4,0.8,4.8,0.0,791.0,24.4,420.0,22.5,18.8,
750852A006,영주시 평은면,2024-06-13,24.2,33.1,14.7,63.7,162.8,0.9,10.4,0.0,747.0,20.7,310.0,22.4,18.8,
750852A006,영주시 평은면,2024-06-14,24.1,32.4,15.9,67.4,205.5,0.9,5.4,0.0,710.0,21.1,263.0,22.8,19.1,
750852A006,영주시 평은면,2024-06-15,22.1,29.2,17.7,85.3,183.5,0.8,6.9,9.5,313.0,14.7,428.0,22.1,19.3,
750852A006,영주시 평은면,2024-06-16,22.7,28.8,15.8,71.6,224.1,1.3,8.1,0.0,713.0,23.6,411.0,21.6,19.7,
750852A006,영주시 평은면,2024-06-17,20.5,27.7,12.7,74.5,186.6,0.9,4.6,0.0,526.0,17.9,329.0,19.2,19.1,
750852A006,영주시 평은면,2024-06-18,23.1,32.8,12.2,65.5,203.2,0.9,5.2,0.0,805.0,24.3,80.0,21.8,19.0,
750852A006,영주시 평은면,2024-06-19,24.4,35.0,14.4,66.1,198.0,0.8,4.0,0.0,721.0,21.8,136.0,22.7,19.4,
750852A006,영주시 평은면,2024-06-20,23.7,30.4,16.3,69.3,191.1,0.9,4.8,0.0,530.0,18.2,329.0,22.2,19.6,
750852A006,영주시 평은면,2024-06-21,23.6,31.1,14.7,71.5,149.3,1.1,7.0,0.0,589.0,18.8,283.0,22.9,19.5,
750852A006,영주시 평은면,2024-06-22,21.3,22.7,19.4,97.3,339.9,0.5,2.6,23.5,0.0,4.0,996.0,21.0,19.8,
750852A006,영주시 평은면,2024-06-23,23.5,28.3,20.9,90.7,197.1,1.1,5.9,3.5,217.0,10.6,665.0,22.3,20.1,
750852A006,영주시 평은면,2024-06-24,24.7,30.5,18.0,72.7,196.7,1.7,7.7,0.0,616.0,21.4,0.0,23.0,20.6,
750852A006,영주시 평은면,2024-06-25,20.9,26.8,15.2,69.8,231.7,1.4,6.4,0.0,684.0,21.4,23.0,20.1,20.2,
750852A006,영주시 평은면,2024-06-26,21.6,29.5,13.0,68.8,189.3,0.9,8.8,0.0,795.0,23.8,77.0,21.3,19.7,
750852A006,영주시 평은면,2024-06-27,20.8,26.2,14.2,82.7,193.8,0.5,10.6,0.0,344.0,14.7,222.0,20.3,19.7,
750852A006,영주시 평은면,2024-06-28,22.6,31.6,16.0,72.2,214.4,0.9,11.3,0.0,609.0,22.8,19.0,23.0,19.9,
750852A006,영주시 평은면,2024-06-29,23.3,31.2,16.0,80.7,192.7,1.0,5.4,33.0,465.0,16.4,329.0,23.1,20.1,
750852A006,영주시 평은면,2024-06-30,24.6,28.0,21.3,89.4,191.0,2.2,8.2,22.5,198.0,12.7,604.0,23.4,21.2,
750852A006,영주시 평은면,2024-07-01,24.9,31.1,19.2,79.2,206.4,0.8,6.4,0.0,770.0,23.0,147.0,25.1,21.5,
750852A006,영주시 평은면,2024-07-02,21.1,21.8,20.5,99.9,355.3,0.4,4.3,53.0,0.0,2.3,1430.0,21.2,21.5,
750852A006,영주시 평은면,2024-07-03,25.2,29.3,21.2,83.1,197.0,2.1,8.5,15.5,473.0,18.2,449.0,24.6,21.7,
750852A006,영주시 평은면,2024-07-04,25.6,31.1,21.5,76.0,192.6,1.7,6.7,0.0,633.0,21.6,0.0,26.5,22.4,
750852A006,영주시 평은면,2024-07-05,25.2,29.2,20.7,78.6,198.7,2.2,10.5,0.5,359.0,15.6,210.0,25.3,22.7,
750852A006,영주시 평은면,2024-07-06,25.8,30.6,19.8,83.3,196.8,1.4,16.6,45.5,219.0,13.7,567.0,26.2,22.5,
750852A006,영주시 평은면,2024-07-07,23.9,27.9,20.7,95.3,174.1,1.2,16.6,49.0,28.0,4.9,787.0,23.8,22.9,
750852A006,영주시 평은면,2024-07-08,23.3,24.7,21.8,99.9,185.4,1.0,8.0,93.0,0.0,4.7,1430.0,23.3,22.8,
750852A006,영주시 평은면,2024-07-09,22.8,24.6,21.8,99.9,203.8,0.3,6.8,6.0,0.0,5.1,1361.0,23.1,22.9,
750852A006,영주시 평은면,2024-07-10,23.5,27.6,19.1,91.9,187.1,1.0,11.3,65.5,280.0,14.4,493.0,23.6,22.4,
750852A006,영주시 평은면,2024-07-11,24.9,30.0,21.5,84.6,201.3,0.7,4.3,0.0,535.0,20.0,144.0,26.7,23.4,
750852A006,영주시 평은면,2024-07-12,24.7,30.6,20.7,86.2,215.8,0.8,4.8,0.0,448.0,17.3,444.0,26.7,23.9,
750852A006,영주시 평은면,2024-07-13,24.8,32.1,19.4,77.2,79.7,1.1,5.4,0.0,589.0,21.2,377.0,27.0,24.0,
750852A006,영주시 평은면,2024-07-14,23.5,27.7,21.4,89.1,42.4,0.7,4.5,5.5,33.0,8.8,491.0,24.5,23.9,
750852A006,영주시 평은면,2024-07-15,23.9,27.7,21.1,91.4,125.9,0.6,4.9,0.0,212.0,11.0,401.0,24.4,23.6,
750852A006,영주시 평은면,2024-07-16,24.2,28.7,21.7,92.1,171.9,0.1,3.9,19.0,83.0,8.8,463.0,25.0,23.7,
750852A006,영주시 평은면,2024-07-17,25.0,29.4,21.8,91.2,188.1,0.7,5.5,47.5,195.0,13.1,536.0,25.4,23.6,
750852A006,영주시 평은면,2024-07-18,25.4,27.6,24.0,91.5,182.0,1.3,8.4,17.0,13.0,5.0,467.0,24.7,24.0,
750852A006,영주시 평은면,2024-07-19,25.5,29.3,21.6,87.4,190.0,1.0,5.6,0.0,410.0,17.0,0.0,26.4,24.2,
750852A006,영주시 평은면,2024-07-20,24.1,27.7,20.1,94.4,208.7,0.7,3.9,3.5,270.0,11.6,356.0,24.7,24.1,
750852A006,영주시 평은면,2024-07-21,26.7,31.2,23.4,83.4,196.3,1.9,9.4,5.5,531.0,18.0,141.0,27.6,24.5,
750852A006,영주시 평은면,2024-07-22,27.5,31.5,22.9,81.9,190.7,1.3,16.7,0.0,538.0,17.6,96.0,28.8,25.0,
750852A006,영주시 평은면,2024-07-23,26.8,29.5,23.9,82.6,190.9,1.8,6.6,1.5,153.0,9.5,203.0,27.2,25.1,
750852A006,영주시 평은면,2024-07-24,25.5,31.7,22.9,94.3,221.5,0.6,6.7,12.5,311.0,15.1,727.0,26.7,25.1,
750852A006,영주시 평은면,2024-07-25,27.4,32.7,23.3,86.9,184.3,0.6,4.2,0.0,550.0,17.8,47.0,29.1,25.7,
750852A006,영주시 평은면,2024-07-26,27.6,33.2,23.4,83.6,167.4,1.0,6.1,0.0,569.0,18.0,0.0,29.8,26.2,
750852A006,영주시 평은면,2024-07-27,26.5,32.1,24.0,93.3,215.0,0.6,6.5,8.5,181.0,11.0,811.0,27.8,26.2,
750852A006,영주시 평은면,2024-07-28,27.6,32.8,23.7,86.1,201.7,0.9,5.7,0.0,591.0,19.8,445.0,29.7,26.3,
750852A006,영주시 평은면,2024-07-29,27.9,32.0,23.5,77.5,199.7,2.2,12.8,0.0,526.0,16.9,0.0,29.1,26.4,
750852A006,영주시 평은면,2024-07-30,26.5,31.4,22.9,86.5,215.7,0.2,4.5,0.0,262.0,11.0,0.0,27.8,26.0,
750852A006,영주시 평은면,2024-07-31,27.1,32.9,21.9,83.0,200.0,0.6,4.7,0.0,717.0,21.2,81.0,29.8,26.1,
750852A006,영주시 평은면,2024-08-01,27.6,33.0,22.4,82.9,191.4,1.1,5.4,0.0,699.0,20.1,11.0,29.9,26.4,
750852A006,영주시 평은면,2024-08-02,28.6,34.5,23.9,83.9,197.5,0.9,5.3,0.0,587.0,19.1,137.0,31.1,26.8,
750852A006,영주시 평은면,2024-08-03,28.7,35.2,24.1,82.5,220.4,0.6,6.2,0.0,675.0,18.4,116.0,30.8,27.0,
750852A006,영주시 평은면,2024-08-04,28.3,35.8,22.7,81.4,91.7,0.7,8.0,0.0,624.0,18.4,107.0,30.4,26.9,
750852A006,영주시 평은면,2024-08-05,26.8,34.7,23.1,88.4,225.3,0.8,5.7,36.0,431.0,16.5,445.0,29.3,27.0,
750852A006,영주시 평은면,2024-08-06,26.0,32.8,22.7,89.9,333.8,0.1,6.9,0.5,456.0,16.6,467.0,27.5,26.9,
750852A006,영주시 평은면,2024-08-07,26.8,33.5,22.8,87.5,195.3,0.3,4.3,0.0,497.0,17.0,404.0,29.5,27.0,
750852A006,영주시 평은면,2024-08-08,26.4,31.5,22.9,88.4,211.8,0.6,4.4,0.0,331.0,13.2,127.0,28.2,26.9,
750852A006,영주시 평은면,2024-08-09,27.0,33.3,22.4,82.0,198.5,0.7,4.7,0.0,608.0,18.7,333.0,29.8,26.7,
750852A006,영주시 평은면,2024-08-10,27.3,34.2,21.4,76.4,128.6,0.7,4.9,0.0,678.0,17.9,14.0,29.4,26.7,
750852A006,영주시 평은면,2024-08-11,27.0,33.6,21.2,79.7,234.7,0.7,4.1,0.0,738.0,19.7,2.0,29.5,26.6,
750852A006,영주시 평은면,2024-08-12,27.2,33.8,22.0,80.0,168.1,0.7,4.8,0.0,527.0,16.7,9.0,28.9,26.8,
750852A006,영주시 평은면,2024-08-13,26.8,34.4,20.5,77.1,179.7,0.8,8.8,0.0,726.0,20.3,17.0,29.4,26.6,
750852A006,영주시 평은면,2024-08-14,26.9,34.5,20.9,75.7,164.0,0.6,10.2,0.0,683.0,18.9,21.0,29.0,26.5,
750852A006,영주시 평은면,2024-08-15,26.5,34.3,20.7,76.8,74.6,0.7,4.6,0.0,502.0,16.1,41.0,28.3,26.4,
750852A006,영주시 평은면,2024-08-16,25.0,31.0,19.9,85.6,155.8,0.5,4.0,0.0,320.0,10.0,15.0,26.1,26.0,
750852A006,영주시 평은면,2024-08-17,25.7,34.1,20.0,82.7,95.5,0.7,9.9,0.0,446.0,15.1,34.0,27.1,25.8,
750852A006,영주시 평은면,2024-08-18,26.5,33.6,20.5,77.8,172.7,0.7,11.0,0.0,618.0,17.0,30.0,28.8,26.0,
750852A006,영주시 평은면,2024-08-19,26.8,34.2,19.9,78.9,310.1,0.7,4.5,0.0,685.0,17.6,252.0,29.2,26.1,
750852A006,영주시 평은면,2024-08-20,27.7,33.5,22.9,83.9,91.5,0.9,5.4,0.0,345.0,11.8,124.0,29.3,26.4,
750852A006,영주시 평은면,2024-08-21,27.1,30.0,24.7,91.1,214.6,0.7,7.3,1.5,20.0,8.0,373.0,27.9,26.5,
750852A006,영주시 평은면,2024-08-22,27.2,33.3,24.0,89.2,180.7,1.2,8.0,2.0,183.0,10.3,472.0,28.3,26.5,
750852A006,영주시 평은면,2024-08-23,26.0,32.1,22.4,83.8,192.0,1.2,6.0,0.0,469.0,13.2,11.0,27.2,26.2,
750852A006,영주시 평은면,2024-08-24,26.2,33.5,20.5,82.7,227.5,0.6,10.3,0.0,632.0,16.4,225.0,28.5,26.1,
750852A006,영주시 평은면,2024-08-25,27.1,34.0,21.5,78.9,154.8,0.9,7.5,1.5,653.0,17.7,484.0,29.6,26.5,
750852A006,영주시 평은면,2024-08-26,26.3,31.1,22.7,86.9,43.8,0.5,8.6,0.0,130.0,9.2,0.0,27.6,26.4,
750852A006,영주시 평은면,2024-08-27,24.1,29.0,18.7,93.4,24.7,0.6,5.6,0.0,33.0,6.4,587.0,25.0,26.1,
750852A006,영주시 평은면,2024-08-28,23.4,31.7,17.0,80.8,42.4,1.1,6.0,0.0,452.0,13.8,26.0,25.1,25.3,
750852A006,영주시 평은면,2024-08-29,23.9,30.5,18.8,87.4,15.3,1.2,8.2,1.0,290.0,11.1,383.0,25.8,25.2,
750852A006,영주시 평은면,2024-08-30,25.4,32.8,19.6,81.3,23.0,0.6,4.7,0.0,543.0,15.4,460.0,27.0,25.4,
750852A006,영주시 평은면,2024-08-31,24.6,32.8,17.7,76.7,112.0,0.9,5.3,0.0,573.0,17.7,39.0,26.7,25.5,
750852A006,영주시 평은면,2024-09-01,24.4,31.9,18.3,78.7,213.1,0.7,5.2,0.0,560.0,16.2,0.0,26.8,25.5,
750852A006,영주시 평은면,2024-09-02,23.4,29.7,17.2,80.4,354.9,0.6,5.5,0.0,229.0,10.1,24.0,24.5,25.0,
750852A006,영주시 평은면,2024-09-03,24.0,30.1,16.5,65.7,56.4,1.3,6.6,0.0,630.0,17.6,0.0,26.3,25.0,
750852A006,영주시 평은면,2024-09-04,22.5,31.8,14.1,71.8,135.0,0.8,5.2,0.0,695.0,18.7,70.0,25.0,24.7,
750852A006,영주시 평은면,2024-09-05,24.2,32.4,15.6,74.8,215.1,0.8,7.6,0.0,497.0,15.3,430.0,25.7,24.6,
750852A006,영주시 평은면,2024-09-06,23.2,24.7,20.9,94.6,16.1,0.3,3.5,0.0,0.0,3.1,286.0,23.6,24.8,
750852A006,영주시 평은면,2024-09-07,22.8,28.5,20.0,93.7,133.5,0.5,9.7,1.0,266.0,8.9,575.0,24.6,24.4,
750852A006,영주시 평은면,2024-09-08,25.4,32.2,20.1,82.0,83.5,0.8,6.1,0.0,479.0,13.1,39.0,27.2,24.7,
750852A006,영주시 평은면,2024-09-09,26.2,34.2,20.9,76.9,108.9,0.9,7.8,0.0,623.0,16.5,394.0,28.7,25.3,
750852A006,영주시 평은면,2024-09-10,25.8,35.1,18.6,76.0,230.5,0.7,4.7,0.0,680.0,17.4,545.0,28.1,25.4,
750852A006,영주시 평은면,2024-09-11,25.5,33.7,20.2,85.0,190.4,0.8,6.8,3.0,261.0,10.0,694.0,26.8,25.4,
750852A006,영주시 평은면,2024-09-12,24.5,26.9,23.4,99.2,9.9,0.3,6.7,4.0,0.0,4.4,1172.0,25.1,25.3,
750852A006,영주시 평은면,2024-09-13,26.2,32.0,22.5,88.1,199.4,0.6,4.7,0.0,387.0,13.0,497.0,27.8,25.5,
750852A006,영주시 평은면,2024-09-14,27.8,34.2,22.9,77.6,175.6,1.1,5.6,0.0,650.0,16.9,0.0,30.5,26.0,
750852A006,영주시 평은면,2024-09-15,26.6,32.7,22.9,77.2,34.6,1.2,6.9,0.0,469.0,11.8,37.0,28.8,26.2,
750852A006,영주시 평은면,2024-09-16,25.2,28.9,20.2,79.9,11.3,0.6,2.8,0.0,174.0,8.1,0.0,26.2,25.6,
750852A006,영주시 평은면,2024-09-17,26.7,35.4,22.6,85.7,297.7,0.5,4.8,0.5,441.0,13.2,507.0,28.3,25.7,
750852A006,영주시 평은면,2024-09-18,25.7,34.4,22.5,90.0,86.0,0.8,4.8,23.5,405.0,11.8,675.0,27.1,26.1,
750852A006,영주시 평은면,2024-09-19,25.4,30.9,22.1,92.8,211.1,0.5,3.6,0.0,322.0,10.9,511.0,26.6,26.0,
750852A006,영주시 평은면,2024-09-20,24.5,27.4,19.8,98.6,158.9,0.6,6.3,18.0,0.0,4.1,768.0,24.8,25.9,
750852A006,영주시 평은면,2024-09-21,18.7,19.8,17.6,99.9,19.1,0.2,6.1,110.0,0.0,1.9,1430.0,19.0,22.5,
750852A006,영주시 평은면,2024-09-22,20.4,26.1,17.3,82.6,36.1,1.0,6.2,0.5,467.0,13.4,528.0,21.5,22.6,
750852A006,영주시 평은면,2024-09-23,17.4,24.1,10.5,74.0,39.3,1.0,8.2,0.0,625.0,15.0,157.0,18.7,22.7,
750852A006,영주시 평은면,2024-09-24,17.3,27.2,10.0,81.8,152.3,0.4,5.5,0.0,553.0,15.1,29.0,19.1,22.0,
750852A006,영주시 평은면,2024-09-25,21.1,27.8,14.8,80.7,73.3,0.4,8.7,0.0,559.0,12.3,13.0,22.6,22.5,
750852A006,영주시 평은면,2024-09-26,21.5,28.1,16.7,87.6,240.0,0.4,4.7,9.5,399.0,12.4,282.0,22.9,22.9,
750852A006,영주시 평은면,2024-09-29,,,,,,,,,,,,,,
750852A006,영주시 평은면,2024-09-29,,,,,,,,,,,,,,
750852A006,영주시 평은면,2024-09-29,,,,,,,,,,,,,,
750852A006,영주시 평은면,2024-09-29,,,,,,,,,,,,,,
